Year,Month,AGX,Arlington A,Arlington B,Arlington DB,DistBATT,DSM_1,Four Corners 4,Four Corners 5,Griffith A,Griffith B,Griffith DB,Incremental_DG,Microgrid - FUTURE,Microgrid Bucket 2,New Solar,PVS Solar 5 HR,PVS Solar 5 HR ITC,Redhawk 1 A,Redhawk 1 B,Redhawk 1 DB,Redhawk 2 A,Redhawk 2 B,Redhawk 2 DB,Short-Term Purch,South Point A,South Point B,South Point DB,West Phoenix CC5 A,West Phoenix CC5 B,West Phoenix CC5 DB,,,,
2025,1,102.7,125,125,65,0,134,283.4999979,283.4999979,125,125,112,683,0,0,0,0,0,121.4148,121.4148,22,121.4148,121.4148,22,8,178.9234241,178.9234241,19,131.2656,131.2656,12,,,,
2025,2,102.7,125,125,65,0,134,283.4999979,283.4999979,125,125,112,683,0,0,0,0,0,121.4148,121.4148,22,121.4148,121.4148,22,8,178.9234241,178.9234241,19,131.2656,131.2656,12,,,,
2025,3,102.7,125,125,65,0,134,283.4999979,283.4999979,125,125,112,683,0,0,0,0,0,121.4148,121.4148,22,121.4148,121.4148,22,8,178.9234241,178.9234241,19,131.2656,131.2656,12,,,,
2025,4,102.7,125,125,65,0,134,283.4999979,283.4999979,125,125,112,683,0,0,0,0,0,121.4148,121.4148,22,121.4148,121.4148,22,8,178.9234241,178.9234241,19,131.2656,131.2656,12,,,,
2025,5,102.7,125,125,65,0,134,283.4999979,283.4999979,125,125,112,683,0,0,0,0,0,121.4148,121.4148,22,121.4148,121.4148,22,8,178.9234241,178.9234241,19,131.2656,131.2656,12,,,,
2025,6,102.7,125,125,65,0,134,283.4999979,283.4999979,125,125,112,683,0,0,0,0,0,121.4148,121.4148,22,121.4148,121.4148,22,8,178.9234241,178.9234241,19,131.2656,131.2656,12,,,,
2025,7,102.7,125,125,65,0,134,283.4999979,283.4999979,125,125,112,683,0,0,0,0,0,121.4148,121.4148,22,121.4148,121.4148,22,8,178.9234241,178.9234241,19,131.2656,131.2656,12,,,,
2025,8,102.7,125,125,65,0,134,283.4999979,283.4999979,125,125,112,683,0,0,0,0,0,121.4148,121.4148,22,121.4148,121.4148,22,8,178.9234241,178.9234241,19,131.2656,131.2656,12,,,,
2025,9,102.7,125,125,65,0,134,283.4999979,283.4999979,125,125,112,683,0,0,0,0,0,121.4148,121.4148,22,121.4148,121.4148,22,8,178.9234241,178.9234241,19,131.2656,131.2656,12,,,,
2025,10,102.7,125,125,65,0,134,283.4999979,283.4999979,125,125,112,683,0,0,0,0,0,121.4148,121.4148,22,121.4148,121.4148,22,8,178.9234241,178.9234241,19,131.2656,131.2656,12,,,,
2025,11,102.7,125,125,65,0,134,283.4999979,283.4999979,125,125,112,683,0,0,0,0,0,121.4148,121.4148,22,121.4148,121.4148,22,8,178.9234241,178.9234241,19,131.2656,131.2656,12,,,,
2025,12,102.7,125,125,65,0,134,283.4999979,283.4999979,125,125,112,683,0,0,0,0,0,121.4148,121.4148,22,121.4148,121.4148,22,8,178.9234241,178.9234241,19,131.2656,131.2656,12,,,,
2026,1,102.7,125,125,65,22,263,283.4999979,283.4999979,125,125,112,863,0,0,0,0,0,121.4148,121.4148,22,121.4148,121.4148,22,0,178.9234241,178.9234241,19,131.2656,131.2656,12,,,,
2026,2,102.7,125,125,65,22,263,283.4999979,283.4999979,125,125,112,863,0,0,0,0,0,121.4148,121.4148,22,121.4148,121.4148,22,0,178.9234241,178.9234241,19,131.2656,131.2656,12,,,,
2026,3,102.7,125,125,65,22,263,283.4999979,283.4999979,125,125,112,863,0,0,0,0,0,121.4148,121.4148,22,121.4148,121.4148,22,0,178.9234241,178.9234241,19,131.2656,131.2656,12,,,,
2026,4,102.7,125,125,65,22,263,283.4999979,283.4999979,125,125,112,863,0,0,0,0,0,121.4148,121.4148,22,121.4148,121.4148,22,0,178.9234241,178.9234241,19,131.2656,131.2656,12,,,,
2026,5,102.7,125,125,65,22,263,283.4999979,283.4999979,125,125,112,863,0,0,0,0,0,121.4148,121.4148,22,121.4148,121.4148,22,0,178.9234241,178.9234241,19,131.2656,131.2656,12,,,,
2026,6,102.7,125,125,65,22,263,283.4999979,283.4999979,125,125,112,863,0,0,0,0,0,121.4148,121.4148,22,121.4148,121.4148,22,0,178.9234241,178.9234241,19,131.2656,131.2656,12,,,,
2026,7,102.7,125,125,65,22,263,283.4999979,283.4999979,125,125,112,863,0,0,0,0,0,121.4148,121.4148,22,121.4148,121.4148,22,0,178.9234241,178.9234241,19,131.2656,131.2656,12,,,,
2026,8,102.7,125,125,65,22,263,283.4999979,283.4999979,125,125,112,863,0,0,0,0,0,121.4148,121.4148,22,121.4148,121.4148,22,0,178.9234241,178.9234241,19,131.2656,131.2656,12,,,,
2026,9,102.7,125,125,65,22,263,283.4999979,283.4999979,125,125,112,863,0,0,0,0,0,121.4148,121.4148,22,121.4148,121.4148,22,0,178.9234241,178.9234241,19,131.2656,131.2656,12,,,,
2026,10,102.7,125,125,65,22,263,283.4999979,283.4999979,125,125,112,863,0,0,0,0,0,121.4148,121.4148,22,121.4148,121.4148,22,0,178.9234241,178.9234241,19,131.2656,131.2656,12,,,,
2026,11,102.7,125,125,65,22,263,283.4999979,283.4999979,125,125,112,863,0,0,0,0,0,121.4148,121.4148,22,121.4148,121.4148,22,0,178.9234241,178.9234241,19,131.2656,131.2656,12,,,,
2026,12,102.7,125,125,65,22,263,283.4999979,283.4999979,125,125,112,863,0,0,0,0,0,121.4148,121.4148,22,121.4148,121.4148,22,0,178.9234241,178.9234241,19,131.2656,131.2656,12,,,,
2027,1,102.7,125,125,65,45,393,283.4999979,283.4999979,133.1877729,133.1877729,112,1043,0,0.8,0,0,0,121.4148,121.4148,22,121.4148,121.4148,22,0,178.9234241,178.9234241,19,131.2656,131.2656,12,,,,
2027,2,102.7,125,125,65,45,393,283.4999979,283.4999979,133.1877729,133.1877729,112,1043,0,0.8,0,0,0,121.4148,121.4148,22,121.4148,121.4148,22,0,178.9234241,178.9234241,19,131.2656,131.2656,12,,,,
2027,3,102.7,125,125,65,45,393,283.4999979,283.4999979,133.1877729,133.1877729,112,1043,0,0.8,0,0,0,121.4148,121.4148,22,121.4148,121.4148,22,0,178.9234241,178.9234241,19,131.2656,131.2656,12,,,,
2027,4,102.7,125,125,65,45,393,283.4999979,283.4999979,133.1877729,133.1877729,112,1043,0,0.8,0,0,0,121.4148,121.4148,22,121.4148,121.4148,22,0,178.9234241,178.9234241,19,131.2656,131.2656,12,,,,
2027,5,102.7,125,125,65,45,393,283.4999979,283.4999979,133.1877729,133.1877729,112,1043,0,0.8,0,0,0,121.4148,121.4148,22,121.4148,121.4148,22,0,178.9234241,178.9234241,19,131.2656,131.2656,12,,,,
2027,6,102.7,125,125,65,45,393,283.4999979,283.4999979,133.1877729,133.1877729,112,1043,0,0.8,0,0,0,121.4148,121.4148,22,121.4148,121.4148,22,0,178.9234241,178.9234241,19,131.2656,131.2656,12,,,,
2027,7,102.7,125,125,65,45,393,283.4999979,283.4999979,133.1877729,133.1877729,112,1043,0,0.8,0,0,0,121.4148,121.4148,22,121.4148,121.4148,22,0,178.9234241,178.9234241,19,131.2656,131.2656,12,,,,
2027,8,102.7,125,125,65,45,393,283.4999979,283.4999979,133.1877729,133.1877729,112,1043,0,0.8,0,0,0,121.4148,121.4148,22,121.4148,121.4148,22,0,178.9234241,178.9234241,19,131.2656,131.2656,12,,,,
2027,9,102.7,125,125,65,45,393,283.4999979,283.4999979,133.1877729,133.1877729,112,1043,0,0.8,0,0,0,121.4148,121.4148,22,121.4148,121.4148,22,0,178.9234241,178.9234241,19,131.2656,131.2656,12,,,,
2027,10,102.7,125,125,65,45,393,283.4999979,283.4999979,133.1877729,133.1877729,112,1043,0,0.8,0,0,0,121.4148,121.4148,22,121.4148,121.4148,22,0,178.9234241,178.9234241,19,131.2656,131.2656,12,,,,
2027,11,102.7,125,125,65,45,393,283.4999979,283.4999979,133.1877729,133.1877729,112,1043,0,0.8,0,0,0,121.4148,121.4148,22,121.4148,121.4148,22,0,178.9234241,178.9234241,19,131.2656,131.2656,12,,,,
2027,12,102.7,125,125,65,45,393,283.4999979,283.4999979,133.1877729,133.1877729,112,1043,0,0.8,0,0,0,121.4148,121.4148,22,121.4148,121.4148,22,0,178.9234241,178.9234241,19,131.2656,131.2656,12,,,,
2028,1,102.7,125,125,65,70,521,283.4999979,283.4999979,133.1877729,133.1877729,112,1248,0.133,3,0,0,0,121.4148,121.4148,22,121.4148,121.4148,22,0,178.9234241,178.9234241,19,131.2656,131.2656,12,,,,
2028,2,102.7,125,125,65,70,521,283.4999979,283.4999979,133.1877729,133.1877729,112,1248,0.133,3,0,0,0,121.4148,121.4148,22,121.4148,121.4148,22,0,178.9234241,178.9234241,19,131.2656,131.2656,12,,,,
2028,3,102.7,125,125,65,70,521,283.4999979,283.4999979,133.1877729,133.1877729,112,1248,0.133,3,0,0,0,121.4148,121.4148,22,121.4148,121.4148,22,0,178.9234241,178.9234241,19,131.2656,131.2656,12,,,,
2028,4,102.7,125,125,65,70,521,283.4999979,283.4999979,133.1877729,133.1877729,112,1248,0.133,3,0,0,0,121.4148,121.4148,22,121.4148,121.4148,22,0,178.9234241,178.9234241,19,131.2656,131.2656,12,,,,
2028,5,102.7,125,125,65,70,521,283.4999979,283.4999979,133.1877729,133.1877729,112,1248,0.133,3,0,0,0,121.4148,121.4148,22,121.4148,121.4148,22,0,178.9234241,178.9234241,19,131.2656,131.2656,12,,,,
2028,6,102.7,125,125,65,70,521,283.4999979,283.4999979,133.1877729,133.1877729,112,1248,0.133,3,0,0,0,121.4148,121.4148,22,121.4148,121.4148,22,0,178.9234241,178.9234241,19,131.2656,131.2656,12,,,,
2028,7,102.7,125,125,65,70,521,283.4999979,283.4999979,133.1877729,133.1877729,112,1248,0.133,3,0,0,0,121.4148,121.4148,22,121.4148,121.4148,22,0,178.9234241,178.9234241,19,131.2656,131.2656,12,,,,
2028,8,102.7,125,125,65,70,521,283.4999979,283.4999979,133.1877729,133.1877729,112,1248,0.133,3,0,0,0,121.4148,121.4148,22,121.4148,121.4148,22,0,178.9234241,178.9234241,19,131.2656,131.2656,12,,,,
2028,9,102.7,125,125,65,70,521,283.4999979,283.4999979,133.1877729,133.1877729,112,1248,0.133,3,0,0,0,121.4148,121.4148,22,121.4148,121.4148,22,0,178.9234241,178.9234241,19,131.2656,131.2656,12,,,,
2028,10,102.7,125,125,65,70,521,283.4999979,283.4999979,133.1877729,133.1877729,112,1248,0.133,3,0,0,0,121.4148,121.4148,22,121.4148,121.4148,22,0,178.9234241,178.9234241,19,131.2656,131.2656,12,,,,
2028,11,102.7,125,125,65,70,521,283.4999979,283.4999979,133.1877729,133.1877729,112,1248,0.133,3,0,0,0,121.4148,121.4148,22,121.4148,121.4148,22,0,178.9234241,178.9234241,19,131.2656,131.2656,12,,,,
2028,12,102.7,125,125,65,70,521,283.4999979,283.4999979,133.1877729,133.1877729,112,1248,0.133,3,0,0,0,121.4148,121.4148,22,121.4148,121.4148,22,0,178.9234241,178.9234241,19,131.2656,131.2656,12,,,,
2029,1,102.7,141.25,141.25,65,97,645,283.4999979,283.4999979,133.1877729,133.1877729,112,1413,0.266,6.6,0,0,0,121.4148,121.4148,22,121.4148,121.4148,22,0,178.9234241,178.9234241,19,131.2656,131.2656,12,,,,
2029,2,102.7,141.25,141.25,65,97,645,283.4999979,283.4999979,133.1877729,133.1877729,112,1413,0.266,6.6,0,0,0,121.4148,121.4148,22,121.4148,121.4148,22,0,178.9234241,178.9234241,19,131.2656,131.2656,12,,,,
2029,3,102.7,141.25,141.25,65,97,645,283.4999979,283.4999979,133.1877729,133.1877729,112,1413,0.266,6.6,0,0,0,121.4148,121.4148,22,121.4148,121.4148,22,0,178.9234241,178.9234241,19,131.2656,131.2656,12,,,,
2029,4,102.7,141.25,141.25,65,97,645,283.4999979,283.4999979,133.1877729,133.1877729,112,1413,0.266,6.6,0,0,0,121.4148,121.4148,22,121.4148,121.4148,22,0,178.9234241,178.9234241,19,131.2656,131.2656,12,,,,
2029,5,102.7,141.25,141.25,65,97,645,283.4999979,283.4999979,133.1877729,133.1877729,112,1413,0.266,6.6,0,0,0,121.4148,121.4148,22,121.4148,121.4148,22,0,178.9234241,178.9234241,19,131.2656,131.2656,12,,,,
2029,6,102.7,141.25,141.25,65,97,645,283.4999979,283.4999979,133.1877729,133.1877729,112,1413,0.266,6.6,0,0,0,121.4148,121.4148,22,121.4148,121.4148,22,0,178.9234241,178.9234241,19,131.2656,131.2656,12,,,,
2029,7,102.7,141.25,141.25,65,97,645,283.4999979,283.4999979,133.1877729,133.1877729,112,1413,0.266,6.6,0,0,0,121.4148,121.4148,22,121.4148,121.4148,22,0,178.9234241,178.9234241,19,131.2656,131.2656,12,,,,
2029,8,102.7,141.25,141.25,65,97,645,283.4999979,283.4999979,133.1877729,133.1877729,112,1413,0.266,6.6,0,0,0,121.4148,121.4148,22,121.4148,121.4148,22,0,178.9234241,178.9234241,19,131.2656,131.2656,12,,,,
2029,9,102.7,141.25,141.25,65,97,645,283.4999979,283.4999979,133.1877729,133.1877729,112,1413,0.266,6.6,0,0,0,121.4148,121.4148,22,121.4148,121.4148,22,0,178.9234241,178.9234241,19,131.2656,131.2656,12,,,,
2029,10,102.7,141.25,141.25,65,97,645,283.4999979,283.4999979,133.1877729,133.1877729,112,1413,0.266,6.6,0,0,0,121.4148,121.4148,22,121.4148,121.4148,22,0,178.9234241,178.9234241,19,131.2656,131.2656,12,,,,
2029,11,102.7,141.25,141.25,65,97,645,283.4999979,283.4999979,133.1877729,133.1877729,112,1413,0.266,6.6,0,0,0,121.4148,121.4148,22,121.4148,121.4148,22,0,178.9234241,178.9234241,19,131.2656,131.2656,12,,,,
2029,12,102.7,141.25,141.25,65,97,645,283.4999979,283.4999979,133.1877729,133.1877729,112,1413,0.266,6.6,0,0,0,121.4148,121.4148,22,121.4148,121.4148,22,0,178.9234241,178.9234241,19,131.2656,131.2656,12,,,,
2030,1,102.7,141.25,141.25,65,126,765,283.4999979,283.4999979,133.1877729,133.1877729,112,1560,0.4,10.9,0,0,0,121.4148,121.4148,22,121.4148,121.4148,22,0,178.9234241,178.9234241,19,131.2656,131.2656,12,,,,
2030,2,102.7,141.25,141.25,65,126,765,283.4999979,283.4999979,133.1877729,133.1877729,112,1560,0.4,10.9,0,0,0,121.4148,121.4148,22,121.4148,121.4148,22,0,178.9234241,178.9234241,19,131.2656,131.2656,12,,,,
2030,3,102.7,141.25,141.25,65,126,765,283.4999979,283.4999979,133.1877729,133.1877729,112,1560,0.4,10.9,0,0,0,121.4148,121.4148,22,121.4148,121.4148,22,0,178.9234241,178.9234241,19,131.2656,131.2656,12,,,,
2030,4,102.7,141.25,141.25,65,126,765,283.4999979,283.4999979,133.1877729,133.1877729,112,1560,0.4,10.9,0,0,0,121.4148,121.4148,22,121.4148,121.4148,22,0,178.9234241,178.9234241,19,131.2656,131.2656,12,,,,
2030,5,102.7,141.25,141.25,65,126,765,283.4999979,283.4999979,133.1877729,133.1877729,112,1560,0.4,10.9,0,0,0,121.4148,121.4148,22,121.4148,121.4148,22,0,178.9234241,178.9234241,19,131.2656,131.2656,12,,,,
2030,6,102.7,141.25,141.25,65,126,765,283.4999979,283.4999979,133.1877729,133.1877729,112,1560,0.4,10.9,0,0,0,121.4148,121.4148,22,121.4148,121.4148,22,0,178.9234241,178.9234241,19,131.2656,131.2656,12,,,,
2030,7,102.7,141.25,141.25,65,126,765,283.4999979,283.4999979,133.1877729,133.1877729,112,1560,0.4,10.9,0,0,0,121.4148,121.4148,22,121.4148,121.4148,22,0,178.9234241,178.9234241,19,131.2656,131.2656,12,,,,
2030,8,102.7,141.25,141.25,65,126,765,283.4999979,283.4999979,133.1877729,133.1877729,112,1560,0.4,10.9,0,0,0,121.4148,121.4148,22,121.4148,121.4148,22,0,178.9234241,178.9234241,19,131.2656,131.2656,12,,,,
2030,9,102.7,141.25,141.25,65,126,765,283.4999979,283.4999979,133.1877729,133.1877729,112,1560,0.4,10.9,0,0,0,121.4148,121.4148,22,121.4148,121.4148,22,0,178.9234241,178.9234241,19,131.2656,131.2656,12,,,,
2030,10,102.7,141.25,141.25,65,126,765,283.4999979,283.4999979,133.1877729,133.1877729,112,1560,0.4,10.9,0,0,0,121.4148,121.4148,22,121.4148,121.4148,22,0,178.9234241,178.9234241,19,131.2656,131.2656,12,,,,
2030,11,102.7,141.25,141.25,65,126,765,283.4999979,283.4999979,133.1877729,133.1877729,112,1560,0.4,10.9,0,0,0,121.4148,121.4148,22,121.4148,121.4148,22,0,178.9234241,178.9234241,19,131.2656,131.2656,12,,,,
2030,12,102.7,141.25,141.25,65,126,765,283.4999979,283.4999979,133.1877729,133.1877729,112,1560,0.4,10.9,0,0,0,121.4148,121.4148,22,121.4148,121.4148,22,0,178.9234241,178.9234241,19,131.2656,131.2656,12,,,,
2031,1,102.7,141.25,141.25,65,157,725,283.4999979,283.4999979,133.1877729,133.1877729,112,1107,0.4,13.1,0,0,0,121.4148,121.4148,22,121.4148,121.4148,22,0,178.9234241,178.9234241,19,131.2656,131.2656,12,,,,
2031,2,102.7,141.25,141.25,65,157,725,283.4999979,283.4999979,133.1877729,133.1877729,112,1107,0.4,13.1,0,0,0,121.4148,121.4148,22,121.4148,121.4148,22,0,178.9234241,178.9234241,19,131.2656,131.2656,12,,,,
2031,3,102.7,141.25,141.25,65,157,725,283.4999979,283.4999979,133.1877729,133.1877729,112,1107,0.4,13.1,0,0,0,121.4148,121.4148,22,121.4148,121.4148,22,0,178.9234241,178.9234241,19,131.2656,131.2656,12,,,,
2031,4,102.7,141.25,141.25,65,157,725,283.4999979,283.4999979,133.1877729,133.1877729,112,1107,0.4,13.1,0,0,0,121.4148,121.4148,22,121.4148,121.4148,22,0,178.9234241,178.9234241,19,131.2656,131.2656,12,,,,
2031,5,102.7,141.25,141.25,65,157,725,283.4999979,283.4999979,133.1877729,133.1877729,112,1107,0.4,13.1,0,0,0,121.4148,121.4148,22,121.4148,121.4148,22,0,178.9234241,178.9234241,19,131.2656,131.2656,12,,,,
2031,6,102.7,141.25,141.25,65,157,725,283.4999979,283.4999979,133.1877729,133.1877729,112,1107,0.4,13.1,0,0,0,121.4148,121.4148,22,121.4148,121.4148,22,0,178.9234241,178.9234241,19,131.2656,131.2656,12,,,,
2031,7,102.7,141.25,141.25,65,157,725,283.4999979,283.4999979,133.1877729,133.1877729,112,1107,0.4,13.1,0,0,0,121.4148,121.4148,22,121.4148,121.4148,22,0,178.9234241,178.9234241,19,131.2656,131.2656,12,,,,
2031,8,102.7,141.25,141.25,65,157,725,283.4999979,283.4999979,133.1877729,133.1877729,112,1107,0.4,13.1,0,0,0,121.4148,121.4148,22,121.4148,121.4148,22,0,178.9234241,178.9234241,19,131.2656,131.2656,12,,,,
2031,9,102.7,141.25,141.25,65,157,725,283.4999979,283.4999979,133.1877729,133.1877729,112,1107,0.4,13.1,0,0,0,121.4148,121.4148,22,121.4148,121.4148,22,0,178.9234241,178.9234241,19,131.2656,131.2656,12,,,,
2031,10,102.7,141.25,141.25,65,157,725,283.4999979,283.4999979,133.1877729,133.1877729,112,1107,0.4,13.1,0,0,0,121.4148,121.4148,22,121.4148,121.4148,22,0,178.9234241,178.9234241,19,131.2656,131.2656,12,,,,
2031,11,102.7,141.25,141.25,65,157,725,283.4999979,283.4999979,133.1877729,133.1877729,112,1107,0.4,13.1,0,0,0,121.4148,121.4148,22,121.4148,121.4148,22,0,178.9234241,178.9234241,19,131.2656,131.2656,12,,,,
2031,12,102.7,141.25,141.25,65,157,725,283.4999979,283.4999979,133.1877729,133.1877729,112,1107,0.4,13.1,0,0,0,121.4148,121.4148,22,121.4148,121.4148,22,0,178.9234241,178.9234241,19,131.2656,131.2656,12,,,,
2032,1,102.7,141.25,141.25,65,188,839,283.4999979,283.4999979,133.1877729,133.1877729,112,1198,0.4,15.4,0,0,0,121.4148,121.4148,22,121.4148,121.4148,22,0,178.9234241,178.9234241,19,131.2656,131.2656,12,,,,
2032,2,102.7,141.25,141.25,65,188,839,283.4999979,283.4999979,133.1877729,133.1877729,112,1198,0.4,15.4,0,0,0,121.4148,121.4148,22,121.4148,121.4148,22,0,178.9234241,178.9234241,19,131.2656,131.2656,12,,,,
2032,3,102.7,141.25,141.25,65,188,839,283.4999979,283.4999979,133.1877729,133.1877729,112,1198,0.4,15.4,0,0,0,121.4148,121.4148,22,121.4148,121.4148,22,0,178.9234241,178.9234241,19,131.2656,131.2656,12,,,,
2032,4,102.7,141.25,141.25,65,188,839,283.4999979,283.4999979,133.1877729,133.1877729,112,1198,0.4,15.4,0,0,0,121.4148,121.4148,22,121.4148,121.4148,22,0,178.9234241,178.9234241,19,131.2656,131.2656,12,,,,
2032,5,102.7,141.25,141.25,65,188,839,283.4999979,283.4999979,133.1877729,133.1877729,112,1198,0.4,15.4,0,0,0,121.4148,121.4148,22,121.4148,121.4148,22,0,178.9234241,178.9234241,19,131.2656,131.2656,12,,,,
2032,6,102.7,141.25,141.25,65,188,839,283.4999979,283.4999979,133.1877729,133.1877729,112,1198,0.4,15.4,0,0,0,121.4148,121.4148,22,121.4148,121.4148,22,0,178.9234241,178.9234241,19,131.2656,131.2656,12,,,,
2032,7,102.7,141.25,141.25,65,188,839,283.4999979,283.4999979,133.1877729,133.1877729,112,1198,0.4,15.4,0,0,0,121.4148,121.4148,22,121.4148,121.4148,22,0,178.9234241,178.9234241,19,131.2656,131.2656,12,,,,
2032,8,102.7,141.25,141.25,65,188,839,283.4999979,283.4999979,133.1877729,133.1877729,112,1198,0.4,15.4,0,0,0,121.4148,121.4148,22,121.4148,121.4148,22,0,178.9234241,178.9234241,19,131.2656,131.2656,12,,,,
2032,9,102.7,141.25,141.25,65,188,839,283.4999979,283.4999979,133.1877729,133.1877729,112,1198,0.4,15.4,0,0,0,121.4148,121.4148,22,121.4148,121.4148,22,0,178.9234241,178.9234241,19,131.2656,131.2656,12,,,,
2032,10,102.7,141.25,141.25,65,188,839,283.4999979,283.4999979,133.1877729,133.1877729,112,1198,0.4,15.4,0,0,0,121.4148,121.4148,22,121.4148,121.4148,22,0,178.9234241,178.9234241,19,131.2656,131.2656,12,,,,
2032,11,102.7,141.25,141.25,65,188,839,283.4999979,283.4999979,133.1877729,133.1877729,112,1198,0.4,15.4,0,0,0,121.4148,121.4148,22,121.4148,121.4148,22,0,178.9234241,178.9234241,19,131.2656,131.2656,12,,,,
2032,12,102.7,141.25,141.25,65,188,839,283.4999979,283.4999979,133.1877729,133.1877729,112,1198,0.4,15.4,0,0,0,121.4148,121.4148,22,121.4148,121.4148,22,0,178.9234241,178.9234241,19,131.2656,131.2656,12,,,,
2033,1,102.7,141.25,141.25,65,219,959,283.4999979,283.4999979,133.1877729,133.1877729,112,1285,0.4,16.9,0,0,0,121.4148,121.4148,22,121.4148,121.4148,22,0,178.9234241,178.9234241,19,131.2656,131.2656,12,,,,
2033,2,102.7,141.25,141.25,65,219,959,283.4999979,283.4999979,133.1877729,133.1877729,112,1285,0.4,16.9,0,0,0,121.4148,121.4148,22,121.4148,121.4148,22,0,178.9234241,178.9234241,19,131.2656,131.2656,12,,,,
2033,3,102.7,141.25,141.25,65,219,959,283.4999979,283.4999979,133.1877729,133.1877729,112,1285,0.4,16.9,0,0,0,121.4148,121.4148,22,121.4148,121.4148,22,0,178.9234241,178.9234241,19,131.2656,131.2656,12,,,,
2033,4,102.7,141.25,141.25,65,219,959,283.4999979,283.4999979,133.1877729,133.1877729,112,1285,0.4,16.9,0,0,0,121.4148,121.4148,22,121.4148,121.4148,22,0,178.9234241,178.9234241,19,131.2656,131.2656,12,,,,
2033,5,102.7,141.25,141.25,65,219,959,283.4999979,283.4999979,133.1877729,133.1877729,112,1285,0.4,16.9,0,0,0,121.4148,121.4148,22,121.4148,121.4148,22,0,178.9234241,178.9234241,19,131.2656,131.2656,12,,,,
2033,6,102.7,141.25,141.25,65,219,959,283.4999979,283.4999979,133.1877729,133.1877729,112,1285,0.4,16.9,0,0,0,121.4148,121.4148,22,121.4148,121.4148,22,0,178.9234241,178.9234241,19,131.2656,131.2656,12,,,,
2033,7,102.7,141.25,141.25,65,219,959,283.4999979,283.4999979,133.1877729,133.1877729,112,1285,0.4,16.9,0,0,0,121.4148,121.4148,22,121.4148,121.4148,22,0,178.9234241,178.9234241,19,131.2656,131.2656,12,,,,
2033,8,102.7,141.25,141.25,65,219,959,283.4999979,283.4999979,133.1877729,133.1877729,112,1285,0.4,16.9,0,0,0,121.4148,121.4148,22,121.4148,121.4148,22,0,178.9234241,178.9234241,19,131.2656,131.2656,12,,,,
2033,9,102.7,141.25,141.25,65,219,959,283.4999979,283.4999979,133.1877729,133.1877729,112,1285,0.4,16.9,0,0,0,121.4148,121.4148,22,121.4148,121.4148,22,0,178.9234241,178.9234241,19,131.2656,131.2656,12,,,,
2033,10,102.7,141.25,141.25,65,219,959,283.4999979,283.4999979,133.1877729,133.1877729,112,1285,0.4,16.9,0,0,0,121.4148,121.4148,22,121.4148,121.4148,22,0,178.9234241,178.9234241,19,131.2656,131.2656,12,,,,
2033,11,102.7,141.25,141.25,65,219,959,283.4999979,283.4999979,133.1877729,133.1877729,112,1285,0.4,16.9,0,0,0,121.4148,121.4148,22,121.4148,121.4148,22,0,178.9234241,178.9234241,19,131.2656,131.2656,12,,,,
2033,12,102.7,141.25,141.25,65,219,959,283.4999979,283.4999979,133.1877729,133.1877729,112,1285,0.4,16.9,0,0,0,121.4148,121.4148,22,121.4148,121.4148,22,0,178.9234241,178.9234241,19,131.2656,131.2656,12,,,,
2034,1,102.7,141.25,141.25,65,251,1069,283.4999979,283.4999979,133.1877729,133.1877729,112,1376,0.4,18.8,0,0,0,121.4148,121.4148,22,121.4148,121.4148,22,0,178.9234241,178.9234241,19,131.2656,131.2656,12,,,,
2034,2,102.7,141.25,141.25,65,251,1069,283.4999979,283.4999979,133.1877729,133.1877729,112,1376,0.4,18.8,0,0,0,121.4148,121.4148,22,121.4148,121.4148,22,0,178.9234241,178.9234241,19,131.2656,131.2656,12,,,,
2034,3,102.7,141.25,141.25,65,251,1069,283.4999979,283.4999979,133.1877729,133.1877729,112,1376,0.4,18.8,0,0,0,121.4148,121.4148,22,121.4148,121.4148,22,0,178.9234241,178.9234241,19,131.2656,131.2656,12,,,,
2034,4,102.7,141.25,141.25,65,251,1069,283.4999979,283.4999979,133.1877729,133.1877729,112,1376,0.4,18.8,0,0,0,121.4148,121.4148,22,121.4148,121.4148,22,0,178.9234241,178.9234241,19,131.2656,131.2656,12,,,,
2034,5,102.7,141.25,141.25,65,251,1069,283.4999979,283.4999979,133.1877729,133.1877729,112,1376,0.4,18.8,0,0,0,121.4148,121.4148,22,121.4148,121.4148,22,0,178.9234241,178.9234241,19,131.2656,131.2656,12,,,,
2034,6,102.7,141.25,141.25,65,251,1069,283.4999979,283.4999979,133.1877729,133.1877729,112,1376,0.4,18.8,0,0,0,121.4148,121.4148,22,121.4148,121.4148,22,0,178.9234241,178.9234241,19,131.2656,131.2656,12,,,,
2034,7,102.7,141.25,141.25,65,251,1069,283.4999979,283.4999979,133.1877729,133.1877729,112,1376,0.4,18.8,0,0,0,121.4148,121.4148,22,121.4148,121.4148,22,0,178.9234241,178.9234241,19,131.2656,131.2656,12,,,,
2034,8,102.7,141.25,141.25,65,251,1069,283.4999979,283.4999979,133.1877729,133.1877729,112,1376,0.4,18.8,0,0,0,121.4148,121.4148,22,121.4148,121.4148,22,0,178.9234241,178.9234241,19,131.2656,131.2656,12,,,,
2034,9,102.7,141.25,141.25,65,251,1069,283.4999979,283.4999979,133.1877729,133.1877729,112,1376,0.4,18.8,0,0,0,121.4148,121.4148,22,121.4148,121.4148,22,0,178.9234241,178.9234241,19,131.2656,131.2656,12,,,,
2034,10,102.7,141.25,141.25,65,251,1069,283.4999979,283.4999979,133.1877729,133.1877729,112,1376,0.4,18.8,0,0,0,121.4148,121.4148,22,121.4148,121.4148,22,0,178.9234241,178.9234241,19,131.2656,131.2656,12,,,,
2034,11,102.7,141.25,141.25,65,251,1069,283.4999979,283.4999979,133.1877729,133.1877729,112,1376,0.4,18.8,0,0,0,121.4148,121.4148,22,121.4148,121.4148,22,0,178.9234241,178.9234241,19,131.2656,131.2656,12,,,,
2034,12,102.7,141.25,141.25,65,251,1069,283.4999979,283.4999979,133.1877729,133.1877729,112,1376,0.4,18.8,0,0,0,121.4148,121.4148,22,121.4148,121.4148,22,0,178.9234241,178.9234241,19,131.2656,131.2656,12,,,,
2035,1,102.7,141.25,141.25,65,282,1181,283.4999979,283.4999979,133.1877729,133.1877729,112,1468,0.4,21.1,0,0,0,121.4148,121.4148,22,121.4148,121.4148,22,0,178.9234241,178.9234241,19,131.2656,131.2656,12,,,,
2035,2,102.7,141.25,141.25,65,282,1181,283.4999979,283.4999979,133.1877729,133.1877729,112,1468,0.4,21.1,0,0,0,121.4148,121.4148,22,121.4148,121.4148,22,0,178.9234241,178.9234241,19,131.2656,131.2656,12,,,,
2035,3,102.7,141.25,141.25,65,282,1181,283.4999979,283.4999979,133.1877729,133.1877729,112,1468,0.4,21.1,0,0,0,121.4148,121.4148,22,121.4148,121.4148,22,0,178.9234241,178.9234241,19,131.2656,131.2656,12,,,,
2035,4,102.7,141.25,141.25,65,282,1181,283.4999979,283.4999979,133.1877729,133.1877729,112,1468,0.4,21.1,0,0,0,121.4148,121.4148,22,121.4148,121.4148,22,0,178.9234241,178.9234241,19,131.2656,131.2656,12,,,,
2035,5,102.7,141.25,141.25,65,282,1181,283.4999979,283.4999979,133.1877729,133.1877729,112,1468,0.4,21.1,0,0,0,121.4148,121.4148,22,121.4148,121.4148,22,0,178.9234241,178.9234241,19,131.2656,131.2656,12,,,,
2035,6,102.7,141.25,141.25,65,282,1181,283.4999979,283.4999979,133.1877729,133.1877729,112,1468,0.4,21.1,0,0,0,121.4148,121.4148,22,121.4148,121.4148,22,0,178.9234241,178.9234241,19,131.2656,131.2656,12,,,,
2035,7,102.7,141.25,141.25,65,282,1181,283.4999979,283.4999979,133.1877729,133.1877729,112,1468,0.4,21.1,0,0,0,121.4148,121.4148,22,121.4148,121.4148,22,0,178.9234241,178.9234241,19,131.2656,131.2656,12,,,,
2035,8,102.7,141.25,141.25,65,282,1181,283.4999979,283.4999979,133.1877729,133.1877729,112,1468,0.4,21.1,0,0,0,121.4148,121.4148,22,121.4148,121.4148,22,0,178.9234241,178.9234241,19,131.2656,131.2656,12,,,,
2035,9,102.7,141.25,141.25,65,282,1181,283.4999979,283.4999979,133.1877729,133.1877729,112,1468,0.4,21.1,0,0,0,121.4148,121.4148,22,121.4148,121.4148,22,0,178.9234241,178.9234241,19,131.2656,131.2656,12,,,,
2035,10,102.7,141.25,141.25,65,282,1181,283.4999979,283.4999979,133.1877729,133.1877729,112,1468,0.4,21.1,0,0,0,121.4148,121.4148,22,121.4148,121.4148,22,0,178.9234241,178.9234241,19,131.2656,131.2656,12,,,,
2035,11,102.7,141.25,141.25,65,282,1181,283.4999979,283.4999979,133.1877729,133.1877729,112,1468,0.4,21.1,0,0,0,121.4148,121.4148,22,121.4148,121.4148,22,0,178.9234241,178.9234241,19,131.2656,131.2656,12,,,,
2035,12,102.7,141.25,141.25,65,282,1181,283.4999979,283.4999979,133.1877729,133.1877729,112,1468,0.4,21.1,0,0,0,121.4148,121.4148,22,121.4148,121.4148,22,0,178.9234241,178.9234241,19,131.2656,131.2656,12,,,,
2036,1,102.7,141.25,141.25,65,314,1291,283.4999979,283.4999979,133.1877729,133.1877729,112,1563,0.4,21.5,0,0,0,121.4148,121.4148,22,121.4148,121.4148,22,0,178.9234241,178.9234241,19,131.2656,131.2656,12,,,,
2036,2,102.7,141.25,141.25,65,314,1291,283.4999979,283.4999979,133.1877729,133.1877729,112,1563,0.4,21.5,0,0,0,121.4148,121.4148,22,121.4148,121.4148,22,0,178.9234241,178.9234241,19,131.2656,131.2656,12,,,,
2036,3,102.7,141.25,141.25,65,314,1291,283.4999979,283.4999979,133.1877729,133.1877729,112,1563,0.4,21.5,0,0,0,121.4148,121.4148,22,121.4148,121.4148,22,0,178.9234241,178.9234241,19,131.2656,131.2656,12,,,,
2036,4,102.7,141.25,141.25,65,314,1291,283.4999979,283.4999979,133.1877729,133.1877729,112,1563,0.4,21.5,0,0,0,121.4148,121.4148,22,121.4148,121.4148,22,0,178.9234241,178.9234241,19,131.2656,131.2656,12,,,,
2036,5,102.7,141.25,141.25,65,314,1291,283.4999979,283.4999979,133.1877729,133.1877729,112,1563,0.4,21.5,0,0,0,121.4148,121.4148,22,121.4148,121.4148,22,0,178.9234241,178.9234241,19,131.2656,131.2656,12,,,,
2036,6,102.7,141.25,141.25,65,314,1291,283.4999979,283.4999979,133.1877729,133.1877729,112,1563,0.4,21.5,0,0,0,121.4148,121.4148,22,121.4148,121.4148,22,0,178.9234241,178.9234241,19,131.2656,131.2656,12,,,,
2036,7,102.7,141.25,141.25,65,314,1291,283.4999979,283.4999979,133.1877729,133.1877729,112,1563,0.4,21.5,0,0,0,121.4148,121.4148,22,121.4148,121.4148,22,0,178.9234241,178.9234241,19,131.2656,131.2656,12,,,,
2036,8,102.7,141.25,141.25,65,314,1291,283.4999979,283.4999979,133.1877729,133.1877729,112,1563,0.4,21.5,0,0,0,121.4148,121.4148,22,121.4148,121.4148,22,0,178.9234241,178.9234241,19,131.2656,131.2656,12,,,,
2036,9,102.7,141.25,141.25,65,314,1291,283.4999979,283.4999979,133.1877729,133.1877729,112,1563,0.4,21.5,0,0,0,121.4148,121.4148,22,121.4148,121.4148,22,0,178.9234241,178.9234241,19,131.2656,131.2656,12,,,,
2036,10,102.7,141.25,141.25,65,314,1291,283.4999979,283.4999979,133.1877729,133.1877729,112,1563,0.4,21.5,0,0,0,121.4148,121.4148,22,121.4148,121.4148,22,0,178.9234241,178.9234241,19,131.2656,131.2656,12,,,,
2036,11,102.7,141.25,141.25,65,314,1291,283.4999979,283.4999979,133.1877729,133.1877729,112,1563,0.4,21.5,0,0,0,121.4148,121.4148,22,121.4148,121.4148,22,0,178.9234241,178.9234241,19,131.2656,131.2656,12,,,,
2036,12,102.7,141.25,141.25,65,314,1291,283.4999979,283.4999979,133.1877729,133.1877729,112,1563,0.4,21.5,0,0,0,121.4148,121.4148,22,121.4148,121.4148,22,0,178.9234241,178.9234241,19,131.2656,131.2656,12,,,,
2037,1,102.7,141.25,141.25,65,346,1404,283.4999979,283.4999979,133.1877729,133.1877729,112,1656,0.4,21.5,0,0,0,121.4148,121.4148,22,121.4148,121.4148,22,0,178.9234241,178.9234241,19,131.2656,131.2656,12,,,,
2037,2,102.7,141.25,141.25,65,346,1404,283.4999979,283.4999979,133.1877729,133.1877729,112,1656,0.4,21.5,0,0,0,121.4148,121.4148,22,121.4148,121.4148,22,0,178.9234241,178.9234241,19,131.2656,131.2656,12,,,,
2037,3,102.7,141.25,141.25,65,346,1404,283.4999979,283.4999979,133.1877729,133.1877729,112,1656,0.4,21.5,0,0,0,121.4148,121.4148,22,121.4148,121.4148,22,0,178.9234241,178.9234241,19,131.2656,131.2656,12,,,,
2037,4,102.7,141.25,141.25,65,346,1404,283.4999979,283.4999979,133.1877729,133.1877729,112,1656,0.4,21.5,0,0,0,121.4148,121.4148,22,121.4148,121.4148,22,0,178.9234241,178.9234241,19,131.2656,131.2656,12,,,,
2037,5,102.7,141.25,141.25,65,346,1404,283.4999979,283.4999979,133.1877729,133.1877729,112,1656,0.4,21.5,0,0,0,121.4148,121.4148,22,121.4148,121.4148,22,0,178.9234241,178.9234241,19,131.2656,131.2656,12,,,,
2037,6,102.7,141.25,141.25,65,346,1404,283.4999979,283.4999979,133.1877729,133.1877729,112,1656,0.4,21.5,0,0,0,121.4148,121.4148,22,121.4148,121.4148,22,0,178.9234241,178.9234241,19,131.2656,131.2656,12,,,,
2037,7,102.7,141.25,141.25,65,346,1404,283.4999979,283.4999979,133.1877729,133.1877729,112,1656,0.4,21.5,0,0,0,121.4148,121.4148,22,121.4148,121.4148,22,0,178.9234241,178.9234241,19,131.2656,131.2656,12,,,,
2037,8,102.7,141.25,141.25,65,346,1404,283.4999979,283.4999979,133.1877729,133.1877729,112,1656,0.4,21.5,0,0,0,121.4148,121.4148,22,121.4148,121.4148,22,0,178.9234241,178.9234241,19,131.2656,131.2656,12,,,,
2037,9,102.7,141.25,141.25,65,346,1404,283.4999979,283.4999979,133.1877729,133.1877729,112,1656,0.4,21.5,0,0,0,121.4148,121.4148,22,121.4148,121.4148,22,0,178.9234241,178.9234241,19,131.2656,131.2656,12,,,,
2037,10,102.7,141.25,141.25,65,346,1404,283.4999979,283.4999979,133.1877729,133.1877729,112,1656,0.4,21.5,0,0,0,121.4148,121.4148,22,121.4148,121.4148,22,0,178.9234241,178.9234241,19,131.2656,131.2656,12,,,,
2037,11,102.7,141.25,141.25,65,346,1404,283.4999979,283.4999979,133.1877729,133.1877729,112,1656,0.4,21.5,0,0,0,121.4148,121.4148,22,121.4148,121.4148,22,0,178.9234241,178.9234241,19,131.2656,131.2656,12,,,,
2037,12,102.7,141.25,141.25,65,346,1404,283.4999979,283.4999979,133.1877729,133.1877729,112,1656,0.4,21.5,0,0,0,121.4148,121.4148,22,121.4148,121.4148,22,0,178.9234241,178.9234241,19,131.2656,131.2656,12,,,,
2038,1,102.7,141.25,141.25,65,377,1516,283.4999979,283.4999979,133.1877729,133.1877729,112,1751,0.4,21.5,0,0,0,121.4148,121.4148,22,121.4148,121.4148,22,0,178.9234241,178.9234241,19,131.2656,131.2656,12,,,,
2038,2,102.7,141.25,141.25,65,377,1516,283.4999979,283.4999979,133.1877729,133.1877729,112,1751,0.4,21.5,0,0,0,121.4148,121.4148,22,121.4148,121.4148,22,0,178.9234241,178.9234241,19,131.2656,131.2656,12,,,,
2038,3,102.7,141.25,141.25,65,377,1516,283.4999979,283.4999979,133.1877729,133.1877729,112,1751,0.4,21.5,0,0,0,121.4148,121.4148,22,121.4148,121.4148,22,0,178.9234241,178.9234241,19,131.2656,131.2656,12,,,,
2038,4,102.7,141.25,141.25,65,377,1516,283.4999979,283.4999979,133.1877729,133.1877729,112,1751,0.4,21.5,0,0,0,121.4148,121.4148,22,121.4148,121.4148,22,0,178.9234241,178.9234241,19,131.2656,131.2656,12,,,,
2038,5,102.7,141.25,141.25,65,377,1516,283.4999979,283.4999979,133.1877729,133.1877729,112,1751,0.4,21.5,0,0,0,121.4148,121.4148,22,121.4148,121.4148,22,0,178.9234241,178.9234241,19,131.2656,131.2656,12,,,,
2038,6,102.7,141.25,141.25,65,377,1516,283.4999979,283.4999979,133.1877729,133.1877729,112,1751,0.4,21.5,0,0,0,121.4148,121.4148,22,121.4148,121.4148,22,0,178.9234241,178.9234241,19,131.2656,131.2656,12,,,,
2038,7,102.7,141.25,141.25,65,377,1516,283.4999979,283.4999979,133.1877729,133.1877729,112,1751,0.4,21.5,0,0,0,121.4148,121.4148,22,121.4148,121.4148,22,0,178.9234241,178.9234241,19,131.2656,131.2656,12,,,,
2038,8,102.7,141.25,141.25,65,377,1516,283.4999979,283.4999979,133.1877729,133.1877729,112,1751,0.4,21.5,0,0,0,121.4148,121.4148,22,121.4148,121.4148,22,0,178.9234241,178.9234241,19,131.2656,131.2656,12,,,,
2038,9,102.7,141.25,141.25,65,377,1516,283.4999979,283.4999979,133.1877729,133.1877729,112,1751,0.4,21.5,0,0,0,121.4148,121.4148,22,121.4148,121.4148,22,0,178.9234241,178.9234241,19,131.2656,131.2656,12,,,,
2038,10,102.7,141.25,141.25,65,377,1516,283.4999979,283.4999979,133.1877729,133.1877729,112,1751,0.4,21.5,0,0,0,121.4148,121.4148,22,121.4148,121.4148,22,0,178.9234241,178.9234241,19,131.2656,131.2656,12,,,,
2038,11,102.7,141.25,141.25,65,377,1516,283.4999979,283.4999979,133.1877729,133.1877729,112,1751,0.4,21.5,0,0,0,121.4148,121.4148,22,121.4148,121.4148,22,0,178.9234241,178.9234241,19,131.2656,131.2656,12,,,,
2038,12,102.7,141.25,141.25,65,377,1516,283.4999979,283.4999979,133.1877729,133.1877729,112,1751,0.4,21.5,0,0,0,121.4148,121.4148,22,121.4148,121.4148,22,0,178.9234241,178.9234241,19,131.2656,131.2656,12,,,,
2039,1,102.7,141.25,141.25,65,410,1629,283.4999979,283.4999979,133.1877729,133.1877729,112,1849,0.4,21.5,0,0,0,121.4148,121.4148,22,121.4148,121.4148,22,0,178.9234241,178.9234241,19,131.2656,131.2656,12,,,,
2039,2,102.7,141.25,141.25,65,410,1629,283.4999979,283.4999979,133.1877729,133.1877729,112,1849,0.4,21.5,0,0,0,121.4148,121.4148,22,121.4148,121.4148,22,0,178.9234241,178.9234241,19,131.2656,131.2656,12,,,,
2039,3,102.7,141.25,141.25,65,410,1629,283.4999979,283.4999979,133.1877729,133.1877729,112,1849,0.4,21.5,0,0,0,121.4148,121.4148,22,121.4148,121.4148,22,0,178.9234241,178.9234241,19,131.2656,131.2656,12,,,,
2039,4,102.7,141.25,141.25,65,410,1629,283.4999979,283.4999979,133.1877729,133.1877729,112,1849,0.4,21.5,0,0,0,121.4148,121.4148,22,121.4148,121.4148,22,0,178.9234241,178.9234241,19,131.2656,131.2656,12,,,,
2039,5,102.7,141.25,141.25,65,410,1629,283.4999979,283.4999979,133.1877729,133.1877729,112,1849,0.4,21.5,0,0,0,121.4148,121.4148,22,121.4148,121.4148,22,0,178.9234241,178.9234241,19,131.2656,131.2656,12,,,,
2039,6,102.7,141.25,141.25,65,410,1629,283.4999979,283.4999979,133.1877729,133.1877729,112,1849,0.4,21.5,0,0,0,121.4148,121.4148,22,121.4148,121.4148,22,0,178.9234241,178.9234241,19,131.2656,131.2656,12,,,,
2039,7,102.7,141.25,141.25,65,410,1629,283.4999979,283.4999979,133.1877729,133.1877729,112,1849,0.4,21.5,0,0,0,121.4148,121.4148,22,121.4148,121.4148,22,0,178.9234241,178.9234241,19,131.2656,131.2656,12,,,,
2039,8,102.7,141.25,141.25,65,410,1629,283.4999979,283.4999979,133.1877729,133.1877729,112,1849,0.4,21.5,0,0,0,121.4148,121.4148,22,121.4148,121.4148,22,0,178.9234241,178.9234241,19,131.2656,131.2656,12,,,,
2039,9,102.7,141.25,141.25,65,410,1629,283.4999979,283.4999979,133.1877729,133.1877729,112,1849,0.4,21.5,0,0,0,121.4148,121.4148,22,121.4148,121.4148,22,0,178.9234241,178.9234241,19,131.2656,131.2656,12,,,,
2039,10,102.7,141.25,141.25,65,410,1629,283.4999979,283.4999979,133.1877729,133.1877729,112,1849,0.4,21.5,0,0,0,121.4148,121.4148,22,121.4148,121.4148,22,0,178.9234241,178.9234241,19,131.2656,131.2656,12,,,,
2039,11,102.7,141.25,141.25,65,410,1629,283.4999979,283.4999979,133.1877729,133.1877729,112,1849,0.4,21.5,0,0,0,121.4148,121.4148,22,121.4148,121.4148,22,0,178.9234241,178.9234241,19,131.2656,131.2656,12,,,,
2039,12,102.7,141.25,141.25,65,410,1629,283.4999979,283.4999979,133.1877729,133.1877729,112,1849,0.4,21.5,0,0,0,121.4148,121.4148,22,121.4148,121.4148,22,0,178.9234241,178.9234241,19,131.2656,131.2656,12,,,,
2040,1,102.7,141.25,141.25,65,442,1736,0,0,133.1877729,133.1877729,112,1949,0.4,21.5,0,0,0,121.4148,121.4148,22,121.4148,121.4148,22,0,178.9234241,178.9234241,19,131.2656,131.2656,12,,,,
2040,2,102.7,141.25,141.25,65,442,1736,0,0,133.1877729,133.1877729,112,1949,0.4,21.5,0,0,0,121.4148,121.4148,22,121.4148,121.4148,22,0,178.9234241,178.9234241,19,131.2656,131.2656,12,,,,
2040,3,102.7,141.25,141.25,65,442,1736,0,0,133.1877729,133.1877729,112,1949,0.4,21.5,0,0,0,121.4148,121.4148,22,121.4148,121.4148,22,0,178.9234241,178.9234241,19,131.2656,131.2656,12,,,,
2040,4,102.7,141.25,141.25,65,442,1736,0,0,133.1877729,133.1877729,112,1949,0.4,21.5,0,0,0,121.4148,121.4148,22,121.4148,121.4148,22,0,178.9234241,178.9234241,19,131.2656,131.2656,12,,,,
2040,5,102.7,141.25,141.25,65,442,1736,0,0,133.1877729,133.1877729,112,1949,0.4,21.5,0,0,0,121.4148,121.4148,22,121.4148,121.4148,22,0,178.9234241,178.9234241,19,131.2656,131.2656,12,,,,
2040,6,102.7,141.25,141.25,65,442,1736,0,0,133.1877729,133.1877729,112,1949,0.4,21.5,0,0,0,121.4148,121.4148,22,121.4148,121.4148,22,0,178.9234241,178.9234241,19,131.2656,131.2656,12,,,,
2040,7,102.7,141.25,141.25,65,442,1736,0,0,133.1877729,133.1877729,112,1949,0.4,21.5,0,0,0,121.4148,121.4148,22,121.4148,121.4148,22,0,178.9234241,178.9234241,19,131.2656,131.2656,12,,,,
2040,8,102.7,141.25,141.25,65,442,1736,0,0,133.1877729,133.1877729,112,1949,0.4,21.5,0,0,0,121.4148,121.4148,22,121.4148,121.4148,22,0,178.9234241,178.9234241,19,131.2656,131.2656,12,,,,
2040,9,102.7,141.25,141.25,65,442,1736,0,0,133.1877729,133.1877729,112,1949,0.4,21.5,0,0,0,121.4148,121.4148,22,121.4148,121.4148,22,0,178.9234241,178.9234241,19,131.2656,131.2656,12,,,,
2040,10,102.7,141.25,141.25,65,442,1736,0,0,133.1877729,133.1877729,112,1949,0.4,21.5,0,0,0,121.4148,121.4148,22,121.4148,121.4148,22,0,178.9234241,178.9234241,19,131.2656,131.2656,12,,,,
2040,11,102.7,141.25,141.25,65,442,1736,0,0,133.1877729,133.1877729,112,1949,0.4,21.5,0,0,0,121.4148,121.4148,22,121.4148,121.4148,22,0,178.9234241,178.9234241,19,131.2656,131.2656,12,,,,
2040,12,102.7,141.25,141.25,65,442,1736,0,0,133.1877729,133.1877729,112,1949,0.4,21.5,0,0,0,121.4148,121.4148,22,121.4148,121.4148,22,0,178.9234241,178.9234241,19,131.2656,131.2656,12,,,,
2041,1,102.7,141.25,141.25,65,474,1853,0,0,133.1877729,133.1877729,112,2047,0.4,21.5,0,0,0,121.4148,121.4148,22,121.4148,121.4148,22,0,178.9234241,178.9234241,19,131.2656,131.2656,12,,,,
2041,2,102.7,141.25,141.25,65,474,1853,0,0,133.1877729,133.1877729,112,2047,0.4,21.5,0,0,0,121.4148,121.4148,22,121.4148,121.4148,22,0,178.9234241,178.9234241,19,131.2656,131.2656,12,,,,
2041,3,102.7,141.25,141.25,65,474,1853,0,0,133.1877729,133.1877729,112,2047,0.4,21.5,0,0,0,121.4148,121.4148,22,121.4148,121.4148,22,0,178.9234241,178.9234241,19,131.2656,131.2656,12,,,,
2041,4,102.7,141.25,141.25,65,474,1853,0,0,133.1877729,133.1877729,112,2047,0.4,21.5,0,0,0,121.4148,121.4148,22,121.4148,121.4148,22,0,178.9234241,178.9234241,19,131.2656,131.2656,12,,,,
2041,5,102.7,141.25,141.25,65,474,1853,0,0,133.1877729,133.1877729,112,2047,0.4,21.5,0,0,0,121.4148,121.4148,22,121.4148,121.4148,22,0,178.9234241,178.9234241,19,131.2656,131.2656,12,,,,
2041,6,102.7,141.25,141.25,65,474,1853,0,0,133.1877729,133.1877729,112,2047,0.4,21.5,0,0,0,121.4148,121.4148,22,121.4148,121.4148,22,0,178.9234241,178.9234241,19,131.2656,131.2656,12,,,,
2041,7,102.7,141.25,141.25,65,474,1853,0,0,133.1877729,133.1877729,112,2047,0.4,21.5,0,0,0,121.4148,121.4148,22,121.4148,121.4148,22,0,178.9234241,178.9234241,19,131.2656,131.2656,12,,,,
2041,8,102.7,141.25,141.25,65,474,1853,0,0,133.1877729,133.1877729,112,2047,0.4,21.5,0,0,0,121.4148,121.4148,22,121.4148,121.4148,22,0,178.9234241,178.9234241,19,131.2656,131.2656,12,,,,
2041,9,102.7,141.25,141.25,65,474,1853,0,0,133.1877729,133.1877729,112,2047,0.4,21.5,0,0,0,121.4148,121.4148,22,121.4148,121.4148,22,0,178.9234241,178.9234241,19,131.2656,131.2656,12,,,,
2041,10,102.7,141.25,141.25,65,474,1853,0,0,133.1877729,133.1877729,112,2047,0.4,21.5,0,0,0,121.4148,121.4148,22,121.4148,121.4148,22,0,178.9234241,178.9234241,19,131.2656,131.2656,12,,,,
2041,11,102.7,141.25,141.25,65,474,1853,0,0,133.1877729,133.1877729,112,2047,0.4,21.5,0,0,0,121.4148,121.4148,22,121.4148,121.4148,22,0,178.9234241,178.9234241,19,131.2656,131.2656,12,,,,
2041,12,102.7,141.25,141.25,65,474,1853,0,0,133.1877729,133.1877729,112,2047,0.4,21.5,0,0,0,121.4148,121.4148,22,121.4148,121.4148,22,0,178.9234241,178.9234241,19,131.2656,131.2656,12,,,,
2042,1,102.7,141.25,141.25,65,506,1966,0,0,133.1877729,133.1877729,112,2148,0.4,21.5,0,0,0,121.4148,121.4148,22,121.4148,121.4148,22,0,178.9234241,178.9234241,19,131.2656,131.2656,12,,,,
2042,2,102.7,141.25,141.25,65,506,1966,0,0,133.1877729,133.1877729,112,2148,0.4,21.5,0,0,0,121.4148,121.4148,22,121.4148,121.4148,22,0,178.9234241,178.9234241,19,131.2656,131.2656,12,,,,
2042,3,102.7,141.25,141.25,65,506,1966,0,0,133.1877729,133.1877729,112,2148,0.4,21.5,0,0,0,121.4148,121.4148,22,121.4148,121.4148,22,0,178.9234241,178.9234241,19,131.2656,131.2656,12,,,,
2042,4,102.7,141.25,141.25,65,506,1966,0,0,133.1877729,133.1877729,112,2148,0.4,21.5,0,0,0,121.4148,121.4148,22,121.4148,121.4148,22,0,178.9234241,178.9234241,19,131.2656,131.2656,12,,,,
2042,5,102.7,141.25,141.25,65,506,1966,0,0,133.1877729,133.1877729,112,2148,0.4,21.5,0,0,0,121.4148,121.4148,22,121.4148,121.4148,22,0,178.9234241,178.9234241,19,131.2656,131.2656,12,,,,
2042,6,102.7,141.25,141.25,65,506,1966,0,0,133.1877729,133.1877729,112,2148,0.4,21.5,0,0,0,121.4148,121.4148,22,121.4148,121.4148,22,0,178.9234241,178.9234241,19,131.2656,131.2656,12,,,,
2042,7,102.7,141.25,141.25,65,506,1966,0,0,133.1877729,133.1877729,112,2148,0.4,21.5,0,0,0,121.4148,121.4148,22,121.4148,121.4148,22,0,178.9234241,178.9234241,19,131.2656,131.2656,12,,,,
2042,8,102.7,141.25,141.25,65,506,1966,0,0,133.1877729,133.1877729,112,2148,0.4,21.5,0,0,0,121.4148,121.4148,22,121.4148,121.4148,22,0,178.9234241,178.9234241,19,131.2656,131.2656,12,,,,
2042,9,102.7,141.25,141.25,65,506,1966,0,0,133.1877729,133.1877729,112,2148,0.4,21.5,0,0,0,121.4148,121.4148,22,121.4148,121.4148,22,0,178.9234241,178.9234241,19,131.2656,131.2656,12,,,,
2042,10,102.7,141.25,141.25,65,506,1966,0,0,133.1877729,133.1877729,112,2148,0.4,21.5,0,0,0,121.4148,121.4148,22,121.4148,121.4148,22,0,178.9234241,178.9234241,19,131.2656,131.2656,12,,,,
2042,11,102.7,141.25,141.25,65,506,1966,0,0,133.1877729,133.1877729,112,2148,0.4,21.5,0,0,0,121.4148,121.4148,22,121.4148,121.4148,22,0,178.9234241,178.9234241,19,131.2656,131.2656,12,,,,
2042,12,102.7,141.25,141.25,65,506,1966,0,0,133.1877729,133.1877729,112,2148,0.4,21.5,0,0,0,121.4148,121.4148,22,121.4148,121.4148,22,0,178.9234241,178.9234241,19,131.2656,131.2656,12,,,,
2043,1,102.7,141.25,141.25,65,539,2077,0,0,133.1877729,133.1877729,112,2250,0.4,21.5,0,0,0,121.4148,121.4148,22,121.4148,121.4148,22,0,178.9234241,178.9234241,19,131.2656,131.2656,12,,,,
2043,2,102.7,141.25,141.25,65,539,2077,0,0,133.1877729,133.1877729,112,2250,0.4,21.5,0,0,0,121.4148,121.4148,22,121.4148,121.4148,22,0,178.9234241,178.9234241,19,131.2656,131.2656,12,,,,
2043,3,102.7,141.25,141.25,65,539,2077,0,0,133.1877729,133.1877729,112,2250,0.4,21.5,0,0,0,121.4148,121.4148,22,121.4148,121.4148,22,0,178.9234241,178.9234241,19,131.2656,131.2656,12,,,,
2043,4,102.7,141.25,141.25,65,539,2077,0,0,133.1877729,133.1877729,112,2250,0.4,21.5,0,0,0,121.4148,121.4148,22,121.4148,121.4148,22,0,178.9234241,178.9234241,19,131.2656,131.2656,12,,,,
2043,5,102.7,141.25,141.25,65,539,2077,0,0,133.1877729,133.1877729,112,2250,0.4,21.5,0,0,0,121.4148,121.4148,22,121.4148,121.4148,22,0,178.9234241,178.9234241,19,131.2656,131.2656,12,,,,
2043,6,102.7,141.25,141.25,65,539,2077,0,0,133.1877729,133.1877729,112,2250,0.4,21.5,0,0,0,121.4148,121.4148,22,121.4148,121.4148,22,0,178.9234241,178.9234241,19,131.2656,131.2656,12,,,,
2043,7,102.7,141.25,141.25,65,539,2077,0,0,133.1877729,133.1877729,112,2250,0.4,21.5,0,0,0,121.4148,121.4148,22,121.4148,121.4148,22,0,178.9234241,178.9234241,19,131.2656,131.2656,12,,,,
2043,8,102.7,141.25,141.25,65,539,2077,0,0,133.1877729,133.1877729,112,2250,0.4,21.5,0,0,0,121.4148,121.4148,22,121.4148,121.4148,22,0,178.9234241,178.9234241,19,131.2656,131.2656,12,,,,
2043,9,102.7,141.25,141.25,65,539,2077,0,0,133.1877729,133.1877729,112,2250,0.4,21.5,0,0,0,121.4148,121.4148,22,121.4148,121.4148,22,0,178.9234241,178.9234241,19,131.2656,131.2656,12,,,,
2043,10,102.7,141.25,141.25,65,539,2077,0,0,133.1877729,133.1877729,112,2250,0.4,21.5,0,0,0,121.4148,121.4148,22,121.4148,121.4148,22,0,178.9234241,178.9234241,19,131.2656,131.2656,12,,,,
2043,11,102.7,141.25,141.25,65,539,2077,0,0,133.1877729,133.1877729,112,2250,0.4,21.5,0,0,0,121.4148,121.4148,22,121.4148,121.4148,22,0,178.9234241,178.9234241,19,131.2656,131.2656,12,,,,
2043,12,102.7,141.25,141.25,65,539,2077,0,0,133.1877729,133.1877729,112,2250,0.4,21.5,0,0,0,121.4148,121.4148,22,121.4148,121.4148,22,0,178.9234241,178.9234241,19,131.2656,131.2656,12,,,,
2044,1,102.7,141.25,141.25,65,572,2187,0,0,133.1877729,133.1877729,112,2355,0.4,21.5,0,0,0,121.4148,121.4148,22,121.4148,121.4148,22,0,178.9234241,178.9234241,19,131.2656,131.2656,12,,,,
2044,2,102.7,141.25,141.25,65,572,2187,0,0,133.1877729,133.1877729,112,2355,0.4,21.5,0,0,0,121.4148,121.4148,22,121.4148,121.4148,22,0,178.9234241,178.9234241,19,131.2656,131.2656,12,,,,
2044,3,102.7,141.25,141.25,65,572,2187,0,0,133.1877729,133.1877729,112,2355,0.4,21.5,0,0,0,121.4148,121.4148,22,121.4148,121.4148,22,0,178.9234241,178.9234241,19,131.2656,131.2656,12,,,,
2044,4,102.7,141.25,141.25,65,572,2187,0,0,133.1877729,133.1877729,112,2355,0.4,21.5,0,0,0,121.4148,121.4148,22,121.4148,121.4148,22,0,178.9234241,178.9234241,19,131.2656,131.2656,12,,,,
2044,5,102.7,141.25,141.25,65,572,2187,0,0,133.1877729,133.1877729,112,2355,0.4,21.5,0,0,0,121.4148,121.4148,22,121.4148,121.4148,22,0,178.9234241,178.9234241,19,131.2656,131.2656,12,,,,
2044,6,102.7,141.25,141.25,65,572,2187,0,0,133.1877729,133.1877729,112,2355,0.4,21.5,0,0,0,121.4148,121.4148,22,121.4148,121.4148,22,0,178.9234241,178.9234241,19,131.2656,131.2656,12,,,,
2044,7,102.7,141.25,141.25,65,572,2187,0,0,133.1877729,133.1877729,112,2355,0.4,21.5,0,0,0,121.4148,121.4148,22,121.4148,121.4148,22,0,178.9234241,178.9234241,19,131.2656,131.2656,12,,,,
2044,8,102.7,141.25,141.25,65,572,2187,0,0,133.1877729,133.1877729,112,2355,0.4,21.5,0,0,0,121.4148,121.4148,22,121.4148,121.4148,22,0,178.9234241,178.9234241,19,131.2656,131.2656,12,,,,
2044,9,102.7,141.25,141.25,65,572,2187,0,0,133.1877729,133.1877729,112,2355,0.4,21.5,0,0,0,121.4148,121.4148,22,121.4148,121.4148,22,0,178.9234241,178.9234241,19,131.2656,131.2656,12,,,,
2044,10,102.7,141.25,141.25,65,572,2187,0,0,133.1877729,133.1877729,112,2355,0.4,21.5,0,0,0,121.4148,121.4148,22,121.4148,121.4148,22,0,178.9234241,178.9234241,19,131.2656,131.2656,12,,,,
2044,11,102.7,141.25,141.25,65,572,2187,0,0,133.1877729,133.1877729,112,2355,0.4,21.5,0,0,0,121.4148,121.4148,22,121.4148,121.4148,22,0,178.9234241,178.9234241,19,131.2656,131.2656,12,,,,
2044,12,102.7,141.25,141.25,65,572,2187,0,0,133.1877729,133.1877729,112,2355,0.4,21.5,0,0,0,121.4148,121.4148,22,121.4148,121.4148,22,0,178.9234241,178.9234241,19,131.2656,131.2656,12,,,,
2045,1,102.7,141.25,141.25,65,605,2304,0,0,133.1877729,133.1877729,112,2458,0.4,21.5,0,0,0,121.4148,121.4148,22,121.4148,121.4148,22,0,178.9234241,178.9234241,19,131.2656,131.2656,12,,,,
2045,2,102.7,141.25,141.25,65,605,2304,0,0,133.1877729,133.1877729,112,2458,0.4,21.5,0,0,0,121.4148,121.4148,22,121.4148,121.4148,22,0,178.9234241,178.9234241,19,131.2656,131.2656,12,,,,
2045,3,102.7,141.25,141.25,65,605,2304,0,0,133.1877729,133.1877729,112,2458,0.4,21.5,0,0,0,121.4148,121.4148,22,121.4148,121.4148,22,0,178.9234241,178.9234241,19,131.2656,131.2656,12,,,,
2045,4,102.7,141.25,141.25,65,605,2304,0,0,133.1877729,133.1877729,112,2458,0.4,21.5,0,0,0,121.4148,121.4148,22,121.4148,121.4148,22,0,178.9234241,178.9234241,19,131.2656,131.2656,12,,,,
2045,5,102.7,141.25,141.25,65,605,2304,0,0,133.1877729,133.1877729,112,2458,0.4,21.5,0,0,0,121.4148,121.4148,22,121.4148,121.4148,22,0,178.9234241,178.9234241,19,131.2656,131.2656,12,,,,
2045,6,102.7,141.25,141.25,65,605,2304,0,0,133.1877729,133.1877729,112,2458,0.4,21.5,0,0,0,121.4148,121.4148,22,121.4148,121.4148,22,0,178.9234241,178.9234241,19,131.2656,131.2656,12,,,,
2045,7,102.7,141.25,141.25,65,605,2304,0,0,133.1877729,133.1877729,112,2458,0.4,21.5,0,0,0,121.4148,121.4148,22,121.4148,121.4148,22,0,178.9234241,178.9234241,19,131.2656,131.2656,12,,,,
2045,8,102.7,141.25,141.25,65,605,2304,0,0,133.1877729,133.1877729,112,2458,0.4,21.5,0,0,0,121.4148,121.4148,22,121.4148,121.4148,22,0,178.9234241,178.9234241,19,131.2656,131.2656,12,,,,
2045,9,102.7,141.25,141.25,65,605,2304,0,0,133.1877729,133.1877729,112,2458,0.4,21.5,0,0,0,121.4148,121.4148,22,121.4148,121.4148,22,0,178.9234241,178.9234241,19,131.2656,131.2656,12,,,,
2045,10,102.7,141.25,141.25,65,605,2304,0,0,133.1877729,133.1877729,112,2458,0.4,21.5,0,0,0,121.4148,121.4148,22,121.4148,121.4148,22,0,178.9234241,178.9234241,19,131.2656,131.2656,12,,,,
2045,11,102.7,141.25,141.25,65,605,2304,0,0,133.1877729,133.1877729,112,2458,0.4,21.5,0,0,0,121.4148,121.4148,22,121.4148,121.4148,22,0,178.9234241,178.9234241,19,131.2656,131.2656,12,,,,
2045,12,102.7,141.25,141.25,65,605,2304,0,0,133.1877729,133.1877729,112,2458,0.4,21.5,0,0,0,121.4148,121.4148,22,121.4148,121.4148,22,0,178.9234241,178.9234241,19,131.2656,131.2656,12,,,,
2046,1,102.7,141.25,141.25,65,639,0,0,0,133.1877729,133.1877729,112,0,0.4,21.5,0,0,0,121.4148,121.4148,22,121.4148,121.4148,22,0,178.9234241,178.9234241,19,131.2656,131.2656,12,,,,
2046,2,102.7,141.25,141.25,65,639,0,0,0,133.1877729,133.1877729,112,0,0.4,21.5,0,0,0,121.4148,121.4148,22,121.4148,121.4148,22,0,178.9234241,178.9234241,19,131.2656,131.2656,12,,,,
2046,3,102.7,141.25,141.25,65,639,0,0,0,133.1877729,133.1877729,112,0,0.4,21.5,0,0,0,121.4148,121.4148,22,121.4148,121.4148,22,0,178.9234241,178.9234241,19,131.2656,131.2656,12,,,,
2046,4,102.7,141.25,141.25,65,639,0,0,0,133.1877729,133.1877729,112,0,0.4,21.5,0,0,0,121.4148,121.4148,22,121.4148,121.4148,22,0,178.9234241,178.9234241,19,131.2656,131.2656,12,,,,
2046,5,102.7,141.25,141.25,65,639,0,0,0,133.1877729,133.1877729,112,0,0.4,21.5,0,0,0,121.4148,121.4148,22,121.4148,121.4148,22,0,178.9234241,178.9234241,19,131.2656,131.2656,12,,,,
2046,6,102.7,141.25,141.25,65,639,0,0,0,133.1877729,133.1877729,112,0,0.4,21.5,0,0,0,121.4148,121.4148,22,121.4148,121.4148,22,0,178.9234241,178.9234241,19,131.2656,131.2656,12,,,,
2046,7,102.7,141.25,141.25,65,639,0,0,0,133.1877729,133.1877729,112,0,0.4,21.5,0,0,0,121.4148,121.4148,22,121.4148,121.4148,22,0,178.9234241,178.9234241,19,131.2656,131.2656,12,,,,
2046,8,102.7,141.25,141.25,65,639,0,0,0,133.1877729,133.1877729,112,0,0.4,21.5,0,0,0,121.4148,121.4148,22,121.4148,121.4148,22,0,178.9234241,178.9234241,19,131.2656,131.2656,12,,,,
2046,9,102.7,141.25,141.25,65,639,0,0,0,133.1877729,133.1877729,112,0,0.4,21.5,0,0,0,121.4148,121.4148,22,121.4148,121.4148,22,0,178.9234241,178.9234241,19,131.2656,131.2656,12,,,,
2046,10,102.7,141.25,141.25,65,639,0,0,0,133.1877729,133.1877729,112,0,0.4,21.5,0,0,0,121.4148,121.4148,22,121.4148,121.4148,22,0,178.9234241,178.9234241,19,131.2656,131.2656,12,,,,
2046,11,102.7,141.25,141.25,65,639,0,0,0,133.1877729,133.1877729,112,0,0.4,21.5,0,0,0,121.4148,121.4148,22,121.4148,121.4148,22,0,178.9234241,178.9234241,19,131.2656,131.2656,12,,,,
2046,12,102.7,141.25,141.25,65,639,0,0,0,133.1877729,133.1877729,112,0,0.4,21.5,0,0,0,121.4148,121.4148,22,121.4148,121.4148,22,0,178.9234241,178.9234241,19,131.2656,131.2656,12,,,,
2047,1,102.7,141.25,141.25,65,676,0,0,0,131.8231441,131.8231441,112,0,0.4,21.5,0,0,0,121.4148,121.4148,22,121.4148,121.4148,22,0,178.9234241,178.9234241,19,131.2656,131.2656,12,,,,
2047,2,102.7,141.25,141.25,65,676,0,0,0,131.8231441,131.8231441,112,0,0.4,21.5,0,0,0,121.4148,121.4148,22,121.4148,121.4148,22,0,178.9234241,178.9234241,19,131.2656,131.2656,12,,,,
2047,3,102.7,141.25,141.25,65,676,0,0,0,131.8231441,131.8231441,112,0,0.4,21.5,0,0,0,121.4148,121.4148,22,121.4148,121.4148,22,0,178.9234241,178.9234241,19,131.2656,131.2656,12,,,,
2047,4,102.7,141.25,141.25,65,676,0,0,0,131.8231441,131.8231441,112,0,0.4,21.5,0,0,0,121.4148,121.4148,22,121.4148,121.4148,22,0,178.9234241,178.9234241,19,131.2656,131.2656,12,,,,
2047,5,102.7,141.25,141.25,65,676,0,0,0,131.8231441,131.8231441,112,0,0.4,21.5,0,0,0,121.4148,121.4148,22,121.4148,121.4148,22,0,178.9234241,178.9234241,19,131.2656,131.2656,12,,,,
2047,6,102.7,141.25,141.25,65,676,0,0,0,131.8231441,131.8231441,112,0,0.4,21.5,0,0,0,121.4148,121.4148,22,121.4148,121.4148,22,0,178.9234241,178.9234241,19,131.2656,131.2656,12,,,,
2047,7,102.7,141.25,141.25,65,676,0,0,0,131.8231441,131.8231441,112,0,0.4,21.5,0,0,0,121.4148,121.4148,22,121.4148,121.4148,22,0,178.9234241,178.9234241,19,131.2656,131.2656,12,,,,
2047,8,102.7,141.25,141.25,65,676,0,0,0,131.8231441,131.8231441,112,0,0.4,21.5,0,0,0,121.4148,121.4148,22,121.4148,121.4148,22,0,178.9234241,178.9234241,19,131.2656,131.2656,12,,,,
2047,9,102.7,141.25,141.25,65,676,0,0,0,131.8231441,131.8231441,112,0,0.4,21.5,0,0,0,121.4148,121.4148,22,121.4148,121.4148,22,0,178.9234241,178.9234241,19,131.2656,131.2656,12,,,,
2047,10,102.7,141.25,141.25,65,676,0,0,0,131.8231441,131.8231441,112,0,0.4,21.5,0,0,0,121.4148,121.4148,22,121.4148,121.4148,22,0,178.9234241,178.9234241,19,131.2656,131.2656,12,,,,
2047,11,102.7,141.25,141.25,65,676,0,0,0,131.8231441,131.8231441,112,0,0.4,21.5,0,0,0,121.4148,121.4148,22,121.4148,121.4148,22,0,178.9234241,178.9234241,19,131.2656,131.2656,12,,,,
2047,12,102.7,141.25,141.25,65,676,0,0,0,131.8231441,131.8231441,112,0,0.4,21.5,0,0,0,121.4148,121.4148,22,121.4148,121.4148,22,0,178.9234241,178.9234241,19,131.2656,131.2656,12,,,,
2048,1,102.7,141.25,141.25,65,715,0,0,0,131.8231441,131.8231441,112,0,0.4,21.5,0,0,0,121.4148,121.4148,22,121.4148,121.4148,22,0,178.9234241,178.9234241,19,131.2656,131.2656,12,,,,
2048,2,102.7,141.25,141.25,65,715,0,0,0,131.8231441,131.8231441,112,0,0.4,21.5,0,0,0,121.4148,121.4148,22,121.4148,121.4148,22,0,178.9234241,178.9234241,19,131.2656,131.2656,12,,,,
2048,3,102.7,141.25,141.25,65,715,0,0,0,131.8231441,131.8231441,112,0,0.4,21.5,0,0,0,121.4148,121.4148,22,121.4148,121.4148,22,0,178.9234241,178.9234241,19,131.2656,131.2656,12,,,,
2048,4,102.7,141.25,141.25,65,715,0,0,0,131.8231441,131.8231441,112,0,0.4,21.5,0,0,0,121.4148,121.4148,22,121.4148,121.4148,22,0,178.9234241,178.9234241,19,131.2656,131.2656,12,,,,
2048,5,102.7,141.25,141.25,65,715,0,0,0,131.8231441,131.8231441,112,0,0.4,21.5,0,0,0,121.4148,121.4148,22,121.4148,121.4148,22,0,178.9234241,178.9234241,19,131.2656,131.2656,12,,,,
2048,6,102.7,141.25,141.25,65,715,0,0,0,131.8231441,131.8231441,112,0,0.4,21.5,0,0,0,121.4148,121.4148,22,121.4148,121.4148,22,0,178.9234241,178.9234241,19,131.2656,131.2656,12,,,,
2048,7,102.7,141.25,141.25,65,715,0,0,0,131.8231441,131.8231441,112,0,0.4,21.5,0,0,0,121.4148,121.4148,22,121.4148,121.4148,22,0,178.9234241,178.9234241,19,131.2656,131.2656,12,,,,
2048,8,102.7,141.25,141.25,65,715,0,0,0,131.8231441,131.8231441,112,0,0.4,21.5,0,0,0,121.4148,121.4148,22,121.4148,121.4148,22,0,178.9234241,178.9234241,19,131.2656,131.2656,12,,,,
2048,9,102.7,141.25,141.25,65,715,0,0,0,131.8231441,131.8231441,112,0,0.4,21.5,0,0,0,121.4148,121.4148,22,121.4148,121.4148,22,0,178.9234241,178.9234241,19,131.2656,131.2656,12,,,,
2048,10,102.7,141.25,141.25,65,715,0,0,0,131.8231441,131.8231441,112,0,0.4,21.5,0,0,0,121.4148,121.4148,22,121.4148,121.4148,22,0,178.9234241,178.9234241,19,131.2656,131.2656,12,,,,
2048,11,102.7,141.25,141.25,65,715,0,0,0,131.8231441,131.8231441,112,0,0.4,21.5,0,0,0,121.4148,121.4148,22,121.4148,121.4148,22,0,178.9234241,178.9234241,19,131.2656,131.2656,12,,,,
2048,12,102.7,141.25,141.25,65,715,0,0,0,131.8231441,131.8231441,112,0,0.4,21.5,0,0,0,121.4148,121.4148,22,121.4148,121.4148,22,0,178.9234241,178.9234241,19,131.2656,131.2656,12,,,,
2049,1,102.7,133.75,133.75,65,756,0,0,0,131.8231441,131.8231441,112,0,0.4,21.5,0,0,0,121.4148,121.4148,22,121.4148,121.4148,22,0,178.9234241,178.9234241,19,131.2656,131.2656,12,,,,
2049,2,102.7,133.75,133.75,65,756,0,0,0,131.8231441,131.8231441,112,0,0.4,21.5,0,0,0,121.4148,121.4148,22,121.4148,121.4148,22,0,178.9234241,178.9234241,19,131.2656,131.2656,12,,,,
2049,3,102.7,133.75,133.75,65,756,0,0,0,131.8231441,131.8231441,112,0,0.4,21.5,0,0,0,121.4148,121.4148,22,121.4148,121.4148,22,0,178.9234241,178.9234241,19,131.2656,131.2656,12,,,,
2049,4,102.7,133.75,133.75,65,756,0,0,0,131.8231441,131.8231441,112,0,0.4,21.5,0,0,0,121.4148,121.4148,22,121.4148,121.4148,22,0,178.9234241,178.9234241,19,131.2656,131.2656,12,,,,
2049,5,102.7,133.75,133.75,65,756,0,0,0,131.8231441,131.8231441,112,0,0.4,21.5,0,0,0,121.4148,121.4148,22,121.4148,121.4148,22,0,178.9234241,178.9234241,19,131.2656,131.2656,12,,,,
2049,6,102.7,133.75,133.75,65,756,0,0,0,131.8231441,131.8231441,112,0,0.4,21.5,0,0,0,121.4148,121.4148,22,121.4148,121.4148,22,0,178.9234241,178.9234241,19,131.2656,131.2656,12,,,,
2049,7,102.7,133.75,133.75,65,756,0,0,0,131.8231441,131.8231441,112,0,0.4,21.5,0,0,0,121.4148,121.4148,22,121.4148,121.4148,22,0,178.9234241,178.9234241,19,131.2656,131.2656,12,,,,
2049,8,102.7,133.75,133.75,65,756,0,0,0,131.8231441,131.8231441,112,0,0.4,21.5,0,0,0,121.4148,121.4148,22,121.4148,121.4148,22,0,178.9234241,178.9234241,19,131.2656,131.2656,12,,,,
2049,9,102.7,133.75,133.75,65,756,0,0,0,131.8231441,131.8231441,112,0,0.4,21.5,0,0,0,121.4148,121.4148,22,121.4148,121.4148,22,0,178.9234241,178.9234241,19,131.2656,131.2656,12,,,,
2049,10,102.7,133.75,133.75,65,756,0,0,0,131.8231441,131.8231441,112,0,0.4,21.5,0,0,0,121.4148,121.4148,22,121.4148,121.4148,22,0,178.9234241,178.9234241,19,131.2656,131.2656,12,,,,
2049,11,102.7,133.75,133.75,65,756,0,0,0,131.8231441,131.8231441,112,0,0.4,21.5,0,0,0,121.4148,121.4148,22,121.4148,121.4148,22,0,178.9234241,178.9234241,19,131.2656,131.2656,12,,,,
2049,12,102.7,133.75,133.75,65,756,0,0,0,131.8231441,131.8231441,112,0,0.4,21.5,0,0,0,121.4148,121.4148,22,121.4148,121.4148,22,0,178.9234241,178.9234241,19,131.2656,131.2656,12,,,,
2050,1,102.7,133.75,133.75,65,799,0,0,0,131.8231441,131.8231441,112,0,0.4,21.5,0,0,0,121.4148,121.4148,22,121.4148,121.4148,22,0,178.9234241,178.9234241,19,131.2656,131.2656,12,,,,
2050,2,102.7,133.75,133.75,65,799,0,0,0,131.8231441,131.8231441,112,0,0.4,21.5,0,0,0,121.4148,121.4148,22,121.4148,121.4148,22,0,178.9234241,178.9234241,19,131.2656,131.2656,12,,,,
2050,3,102.7,133.75,133.75,65,799,0,0,0,131.8231441,131.8231441,112,0,0.4,21.5,0,0,0,121.4148,121.4148,22,121.4148,121.4148,22,0,178.9234241,178.9234241,19,131.2656,131.2656,12,,,,
2050,4,102.7,133.75,133.75,65,799,0,0,0,131.8231441,131.8231441,112,0,0.4,21.5,0,0,0,121.4148,121.4148,22,121.4148,121.4148,22,0,178.9234241,178.9234241,19,131.2656,131.2656,12,,,,
2050,5,102.7,133.75,133.75,65,799,0,0,0,131.8231441,131.8231441,112,0,0.4,21.5,0,0,0,121.4148,121.4148,22,121.4148,121.4148,22,0,178.9234241,178.9234241,19,131.2656,131.2656,12,,,,
2050,6,102.7,133.75,133.75,65,799,0,0,0,131.8231441,131.8231441,112,0,0.4,21.5,0,0,0,121.4148,121.4148,22,121.4148,121.4148,22,0,178.9234241,178.9234241,19,131.2656,131.2656,12,,,,
2050,7,102.7,133.75,133.75,65,799,0,0,0,131.8231441,131.8231441,112,0,0.4,21.5,0,0,0,121.4148,121.4148,22,121.4148,121.4148,22,0,178.9234241,178.9234241,19,131.2656,131.2656,12,,,,
2050,8,102.7,133.75,133.75,65,799,0,0,0,131.8231441,131.8231441,112,0,0.4,21.5,0,0,0,121.4148,121.4148,22,121.4148,121.4148,22,0,178.9234241,178.9234241,19,131.2656,131.2656,12,,,,
2050,9,102.7,133.75,133.75,65,799,0,0,0,131.8231441,131.8231441,112,0,0.4,21.5,0,0,0,121.4148,121.4148,22,121.4148,121.4148,22,0,178.9234241,178.9234241,19,131.2656,131.2656,12,,,,
2050,10,102.7,133.75,133.75,65,799,0,0,0,131.8231441,131.8231441,112,0,0.4,21.5,0,0,0,121.4148,121.4148,22,121.4148,121.4148,22,0,178.9234241,178.9234241,19,131.2656,131.2656,12,,,,
2050,11,102.7,133.75,133.75,65,799,0,0,0,131.8231441,131.8231441,112,0,0.4,21.5,0,0,0,121.4148,121.4148,22,121.4148,121.4148,22,0,178.9234241,178.9234241,19,131.2656,131.2656,12,,,,
2050,12,102.7,133.75,133.75,65,799,0,0,0,131.8231441,131.8231441,112,0,0.4,21.5,0,0,0,121.4148,121.4148,22,121.4148,121.4148,22,0,178.9234241,178.9234241,19,131.2656,131.2656,12,,,,
2051,1,102.7,133.75,133.75,65,845,0,0,0,131.8231441,131.8231441,112,0,0.4,21.5,0,0,0,121.4148,121.4148,22,121.4148,121.4148,22,0,178.9234241,178.9234241,19,131.2656,131.2656,12,,,,
2051,2,102.7,133.75,133.75,65,845,0,0,0,131.8231441,131.8231441,112,0,0.4,21.5,0,0,0,121.4148,121.4148,22,121.4148,121.4148,22,0,178.9234241,178.9234241,19,131.2656,131.2656,12,,,,
2051,3,102.7,133.75,133.75,65,845,0,0,0,131.8231441,131.8231441,112,0,0.4,21.5,0,0,0,121.4148,121.4148,22,121.4148,121.4148,22,0,178.9234241,178.9234241,19,131.2656,131.2656,12,,,,
2051,4,102.7,133.75,133.75,65,845,0,0,0,131.8231441,131.8231441,112,0,0.4,21.5,0,0,0,121.4148,121.4148,22,121.4148,121.4148,22,0,178.9234241,178.9234241,19,131.2656,131.2656,12,,,,
2051,5,102.7,133.75,133.75,65,845,0,0,0,131.8231441,131.8231441,112,0,0.4,21.5,0,0,0,121.4148,121.4148,22,121.4148,121.4148,22,0,178.9234241,178.9234241,19,131.2656,131.2656,12,,,,
2051,6,102.7,133.75,133.75,65,845,0,0,0,131.8231441,131.8231441,112,0,0.4,21.5,0,0,0,121.4148,121.4148,22,121.4148,121.4148,22,0,178.9234241,178.9234241,19,131.2656,131.2656,12,,,,
2051,7,102.7,133.75,133.75,65,845,0,0,0,131.8231441,131.8231441,112,0,0.4,21.5,0,0,0,121.4148,121.4148,22,121.4148,121.4148,22,0,178.9234241,178.9234241,19,131.2656,131.2656,12,,,,
2051,8,102.7,133.75,133.75,65,845,0,0,0,131.8231441,131.8231441,112,0,0.4,21.5,0,0,0,121.4148,121.4148,22,121.4148,121.4148,22,0,178.9234241,178.9234241,19,131.2656,131.2656,12,,,,
2051,9,102.7,133.75,133.75,65,845,0,0,0,131.8231441,131.8231441,112,0,0.4,21.5,0,0,0,121.4148,121.4148,22,121.4148,121.4148,22,0,178.9234241,178.9234241,19,131.2656,131.2656,12,,,,
2051,10,102.7,133.75,133.75,65,845,0,0,0,131.8231441,131.8231441,112,0,0.4,21.5,0,0,0,121.4148,121.4148,22,121.4148,121.4148,22,0,178.9234241,178.9234241,19,131.2656,131.2656,12,,,,
2051,11,102.7,133.75,133.75,65,845,0,0,0,131.8231441,131.8231441,112,0,0.4,21.5,0,0,0,121.4148,121.4148,22,121.4148,121.4148,22,0,178.9234241,178.9234241,19,131.2656,131.2656,12,,,,
2051,12,102.7,133.75,133.75,65,845,0,0,0,131.8231441,131.8231441,112,0,0.4,21.5,0,0,0,121.4148,121.4148,22,121.4148,121.4148,22,0,178.9234241,178.9234241,19,131.2656,131.2656,12,,,,
2052,1,102.7,133.75,133.75,65,894,0,0,0,131.8231441,131.8231441,112,0,0.4,21.5,0,0,0,121.4148,121.4148,22,121.4148,121.4148,22,0,178.9234241,178.9234241,19,131.2656,131.2656,12,,,,
2052,2,102.7,133.75,133.75,65,894,0,0,0,131.8231441,131.8231441,112,0,0.4,21.5,0,0,0,121.4148,121.4148,22,121.4148,121.4148,22,0,178.9234241,178.9234241,19,131.2656,131.2656,12,,,,
2052,3,102.7,133.75,133.75,65,894,0,0,0,131.8231441,131.8231441,112,0,0.4,21.5,0,0,0,121.4148,121.4148,22,121.4148,121.4148,22,0,178.9234241,178.9234241,19,131.2656,131.2656,12,,,,
2052,4,102.7,133.75,133.75,65,894,0,0,0,131.8231441,131.8231441,112,0,0.4,21.5,0,0,0,121.4148,121.4148,22,121.4148,121.4148,22,0,178.9234241,178.9234241,19,131.2656,131.2656,12,,,,
2052,5,102.7,133.75,133.75,65,894,0,0,0,131.8231441,131.8231441,112,0,0.4,21.5,0,0,0,121.4148,121.4148,22,121.4148,121.4148,22,0,178.9234241,178.9234241,19,131.2656,131.2656,12,,,,
2052,6,102.7,133.75,133.75,65,894,0,0,0,131.8231441,131.8231441,112,0,0.4,21.5,0,0,0,121.4148,121.4148,22,121.4148,121.4148,22,0,178.9234241,178.9234241,19,131.2656,131.2656,12,,,,
2052,7,102.7,133.75,133.75,65,894,0,0,0,131.8231441,131.8231441,112,0,0.4,21.5,0,0,0,121.4148,121.4148,22,121.4148,121.4148,22,0,178.9234241,178.9234241,19,131.2656,131.2656,12,,,,
2052,8,102.7,133.75,133.75,65,894,0,0,0,131.8231441,131.8231441,112,0,0.4,21.5,0,0,0,121.4148,121.4148,22,121.4148,121.4148,22,0,178.9234241,178.9234241,19,131.2656,131.2656,12,,,,
2052,9,102.7,133.75,133.75,65,894,0,0,0,131.8231441,131.8231441,112,0,0.4,21.5,0,0,0,121.4148,121.4148,22,121.4148,121.4148,22,0,178.9234241,178.9234241,19,131.2656,131.2656,12,,,,
2052,10,102.7,133.75,133.75,65,894,0,0,0,131.8231441,131.8231441,112,0,0.4,21.5,0,0,0,121.4148,121.4148,22,121.4148,121.4148,22,0,178.9234241,178.9234241,19,131.2656,131.2656,12,,,,
2052,11,102.7,133.75,133.75,65,894,0,0,0,131.8231441,131.8231441,112,0,0.4,21.5,0,0,0,121.4148,121.4148,22,121.4148,121.4148,22,0,178.9234241,178.9234241,19,131.2656,131.2656,12,,,,
2052,12,102.7,133.75,133.75,65,894,0,0,0,131.8231441,131.8231441,112,0,0.4,21.5,0,0,0,121.4148,121.4148,22,121.4148,121.4148,22,0,178.9234241,178.9234241,19,131.2656,131.2656,12,,,,
2053,1,0,133.75,133.75,65,945,0,0,0,131.8231441,131.8231441,112,0,0,0,0,0,0,121.4148,121.4148,22,121.4148,121.4148,22,0,178.9234241,178.9234241,19,131.2656,131.2656,12,,,,
2053,2,0,133.75,133.75,65,945,0,0,0,131.8231441,131.8231441,112,0,0,0,0,0,0,121.4148,121.4148,22,121.4148,121.4148,22,0,178.9234241,178.9234241,19,131.2656,131.2656,12,,,,
2053,3,0,133.75,133.75,65,945,0,0,0,131.8231441,131.8231441,112,0,0,0,0,0,0,121.4148,121.4148,22,121.4148,121.4148,22,0,178.9234241,178.9234241,19,131.2656,131.2656,12,,,,
2053,4,0,133.75,133.75,65,945,0,0,0,131.8231441,131.8231441,112,0,0,0,0,0,0,121.4148,121.4148,22,121.4148,121.4148,22,0,178.9234241,178.9234241,19,131.2656,131.2656,12,,,,
2053,5,0,133.75,133.75,65,945,0,0,0,131.8231441,131.8231441,112,0,0,0,0,0,0,121.4148,121.4148,22,121.4148,121.4148,22,0,178.9234241,178.9234241,19,131.2656,131.2656,12,,,,
2053,6,0,133.75,133.75,65,945,0,0,0,131.8231441,131.8231441,112,0,0,0,0,0,0,121.4148,121.4148,22,121.4148,121.4148,22,0,178.9234241,178.9234241,19,131.2656,131.2656,12,,,,
2053,7,0,133.75,133.75,65,945,0,0,0,131.8231441,131.8231441,112,0,0,0,0,0,0,121.4148,121.4148,22,121.4148,121.4148,22,0,178.9234241,178.9234241,19,131.2656,131.2656,12,,,,
2053,8,0,133.75,133.75,65,945,0,0,0,131.8231441,131.8231441,112,0,0,0,0,0,0,121.4148,121.4148,22,121.4148,121.4148,22,0,178.9234241,178.9234241,19,131.2656,131.2656,12,,,,
2053,9,0,133.75,133.75,65,945,0,0,0,131.8231441,131.8231441,112,0,0,0,0,0,0,121.4148,121.4148,22,121.4148,121.4148,22,0,178.9234241,178.9234241,19,131.2656,131.2656,12,,,,
2053,10,0,133.75,133.75,65,945,0,0,0,131.8231441,131.8231441,112,0,0,0,0,0,0,121.4148,121.4148,22,121.4148,121.4148,22,0,178.9234241,178.9234241,19,131.2656,131.2656,12,,,,
2053,11,0,133.75,133.75,65,945,0,0,0,131.8231441,131.8231441,112,0,0,0,0,0,0,121.4148,121.4148,22,121.4148,121.4148,22,0,178.9234241,178.9234241,19,131.2656,131.2656,12,,,,
2053,12,0,133.75,133.75,65,945,0,0,0,131.8231441,131.8231441,112,0,0,0,0,0,0,121.4148,121.4148,22,121.4148,121.4148,22,0,178.9234241,178.9234241,19,131.2656,131.2656,12,,,,
