Year,Month,AZGAS EP PHX/Yuma,AZGAS TW PHX,MKTGas,NewGas,SJ Gas,WALCTollGas EP Griffith,WALCTollGas TW Griffith,WALCTollGas EP South Point,WALCTollGas TW South Point,PermianNewGas EP PHX/Yuma,PermianNewGas TW PHX,FC45_Coal,FC45_Coal_LD
2026,1,4.73,4.73,4.73,5.12,5.12,4.73,4.73,4.73,4.73,3.19,3.19,3.97,0.9528
2026,2,1.89,1.89,1.89,1.93,1.93,1.89,1.89,1.89,1.89,1.69,1.69,3.97,0.9528
2026,3,1.48,1.48,1.48,1.48,1.48,1.48,1.48,1.48,1.48,1.48,1.48,3.97,0.9528
2026,4,1.14,1.14,1.14,1.14,1.14,1.14,1.14,1.14,1.14,1.14,1.14,3.97,0.9528
2026,5,0.97,0.97,0.97,0.97,0.97,0.97,0.97,0.97,0.97,0.97,0.97,3.97,0.9528
2026,6,1.34,1.34,1.34,1.34,1.34,1.34,1.34,1.34,1.34,1.34,1.34,3.97,0.9528
2026,7,2.16,2.16,2.16,2.16,2.16,2.16,2.16,2.16,2.16,2.16,2.16,3.97,0.9528
2026,8,2.29,2.29,2.29,2.29,2.29,2.29,2.29,2.29,2.29,2.29,2.29,3.97,0.9528
2026,9,2.28,2.28,2.28,2.28,2.28,2.28,2.28,2.28,2.28,2.28,2.28,3.97,0.9528
2026,10,2.35,2.35,2.35,2.35,2.35,2.35,2.35,2.35,2.35,2.35,2.35,3.97,0.9528
2026,11,2.76,2.76,2.76,2.94,2.94,2.76,2.76,2.76,2.76,2.03,2.03,3.97,0.9528
2026,12,4.28,4.28,4.28,4.45,4.45,4.28,4.28,4.28,4.28,3.58,3.58,3.97,0.9528
2027,1,4.99,4.99,4.99,5.16,5.16,4.99,4.99,4.99,4.99,4.33,4.33,3.85,0.924
2027,2,4.41,4.41,4.41,4.56,4.56,4.41,4.41,4.41,4.41,3.83,3.83,3.85,0.924
2027,3,2.68,2.68,2.68,2.71,2.71,2.68,2.68,2.68,2.68,2.56,2.56,3.85,0.924
2027,4,2.19,2.19,2.19,2.27,2.27,2.19,2.19,2.19,2.19,1.86,1.86,3.85,0.924
2027,5,2.14,2.14,2.14,2.19,2.19,2.14,2.14,2.14,2.14,1.91,1.91,3.85,0.924
2027,6,2.35,2.35,2.35,2.39,2.39,2.35,2.35,2.35,2.35,2.17,2.17,3.85,0.924
2027,7,2.95,2.95,2.95,3.01,3.01,2.95,2.95,2.95,2.95,2.68,2.68,3.85,0.924
2027,8,3.03,3.03,3.03,3.11,3.11,3.03,3.03,3.03,3.03,2.69,2.69,3.85,0.924
2027,9,2.93,2.93,2.93,3.05,3.05,2.93,2.93,2.93,2.93,2.42,2.42,3.85,0.924
2027,10,2.86,2.86,2.86,2.94,2.94,2.86,2.86,2.86,2.86,2.53,2.53,3.85,0.924
2027,11,3.17,3.17,3.17,3.32,3.32,3.17,3.17,3.17,3.17,2.55,2.55,3.85,0.924
2027,12,4.74,4.74,4.74,5.07,5.07,4.74,4.74,4.74,4.74,3.41,3.41,3.85,0.924
2028,1,5.29,5.29,5.29,5.61,5.61,5.29,5.29,5.29,5.29,4.01,4.01,4,0.96
2028,2,4.43,4.43,4.43,4.71,4.71,4.43,4.43,4.43,4.43,3.31,3.31,4,0.96
2028,3,2.71,2.71,2.71,2.9,2.9,2.71,2.71,2.71,2.71,1.95,1.95,4,0.96
2028,4,2.25,2.25,2.25,2.44,2.44,2.25,2.25,2.25,2.25,1.49,1.49,4,0.96
2028,5,2.3,2.3,2.3,2.47,2.47,2.3,2.3,2.3,2.3,1.62,1.62,4,0.96
2028,6,2.52,2.52,2.52,2.67,2.67,2.52,2.52,2.52,2.52,1.89,1.89,4,0.96
2028,7,3.09,3.09,3.09,3.18,3.18,3.09,3.09,3.09,3.09,2.75,2.75,4,0.96
2028,8,3.35,3.35,3.35,3.45,3.45,3.35,3.35,3.35,3.35,2.94,2.94,4,0.96
2028,9,3.11,3.11,3.11,3.21,3.21,3.11,3.11,3.11,3.11,2.73,2.73,4,0.96
2028,10,3,3,3,3.04,3.04,3,3,3,3,2.84,2.84,4,0.96
2028,11,3.48,3.48,3.48,3.54,3.54,3.48,3.48,3.48,3.48,3.25,3.25,4,0.96
2028,12,4.76,4.76,4.76,4.94,4.94,4.76,4.76,4.76,4.76,4.08,4.08,4,0.96
2029,1,5.35,5.35,5.35,5.53,5.53,5.35,5.35,5.35,5.35,4.61,4.61,4.15,0.996
2029,2,4.61,4.61,4.61,4.77,4.77,4.61,4.61,4.61,4.61,3.94,3.94,4.15,0.996
2029,3,2.58,2.58,2.58,2.62,2.62,2.58,2.58,2.58,2.58,2.39,2.39,4.15,0.996
2029,4,2.44,2.44,2.44,2.54,2.54,2.44,2.44,2.44,2.44,2.01,2.01,4.15,0.996
2029,5,2.38,2.38,2.38,2.39,2.39,2.38,2.38,2.38,2.38,2.34,2.34,4.15,0.996
2029,6,2.63,2.63,2.63,2.66,2.66,2.63,2.63,2.63,2.63,2.48,2.48,4.15,0.996
2029,7,3.21,3.21,3.21,3.26,3.26,3.21,3.21,3.21,3.21,2.98,2.98,4.15,0.996
2029,8,3.29,3.29,3.29,3.35,3.35,3.29,3.29,3.29,3.29,3.07,3.07,4.15,0.996
2029,9,3.21,3.21,3.21,3.27,3.27,3.21,3.21,3.21,3.21,2.99,2.99,4.15,0.996
2029,10,2.97,2.97,2.97,2.99,2.99,2.97,2.97,2.97,2.97,2.9,2.9,4.15,0.996
2029,11,3.6,3.6,3.6,3.67,3.67,3.6,3.6,3.6,3.6,3.28,3.28,4.15,0.996
2029,12,4.37,4.37,4.37,4.47,4.47,4.37,4.37,4.37,4.37,3.98,3.98,4.15,0.996
2030,1,4.81,4.81,4.81,4.93,4.93,4.81,4.81,4.81,4.81,4.3,4.3,4.3,1.032
2030,2,4.3,4.3,4.3,4.43,4.43,4.3,4.3,4.3,4.3,3.77,3.77,4.3,1.032
2030,3,3.21,3.21,3.21,3.28,3.28,3.21,3.21,3.21,3.21,2.96,2.96,4.3,1.032
2030,4,2.45,2.45,2.45,2.49,2.49,2.45,2.45,2.45,2.45,2.27,2.27,4.3,1.032
2030,5,2.42,2.42,2.42,2.46,2.46,2.42,2.42,2.42,2.42,2.27,2.27,4.3,1.032
2030,6,2.61,2.61,2.61,2.66,2.66,2.61,2.61,2.61,2.61,2.41,2.41,4.3,1.032
2030,7,3.06,3.06,3.06,3.1,3.1,3.06,3.06,3.06,3.06,2.89,2.89,4.3,1.032
2030,8,3.15,3.15,3.15,3.19,3.19,3.15,3.15,3.15,3.15,2.98,2.98,4.3,1.032
2030,9,3.12,3.12,3.12,3.17,3.17,3.12,3.12,3.12,3.12,2.93,2.93,4.3,1.032
2030,10,3.15,3.15,3.15,3.18,3.18,3.15,3.15,3.15,3.15,3.05,3.05,4.3,1.032
2030,11,3.62,3.62,3.62,3.71,3.71,3.62,3.62,3.62,3.62,3.27,3.27,4.3,1.032
2030,12,4.35,4.35,4.35,4.47,4.47,4.35,4.35,4.35,4.35,3.88,3.88,4.3,1.032
2031,1,4.81,4.81,4.81,4.97,4.97,4.81,4.81,4.81,4.81,4.19,4.19,4.47,1.0728
2031,2,4.47,4.47,4.47,4.65,4.65,4.47,4.47,4.47,4.47,3.76,3.76,4.47,1.0728
2031,3,3.52,3.52,3.52,3.64,3.64,3.52,3.52,3.52,3.52,3.07,3.07,4.47,1.0728
2031,4,2.56,2.56,2.56,2.6,2.6,2.56,2.56,2.56,2.56,2.38,2.38,4.47,1.0728
2031,5,2.53,2.53,2.53,2.57,2.57,2.53,2.53,2.53,2.53,2.37,2.37,4.47,1.0728
2031,6,2.7,2.7,2.7,2.75,2.75,2.7,2.7,2.7,2.7,2.53,2.53,4.47,1.0728
2031,7,3.29,3.29,3.29,3.36,3.36,3.29,3.29,3.29,3.29,3.01,3.01,4.47,1.0728
2031,8,3.36,3.36,3.36,3.43,3.43,3.36,3.36,3.36,3.36,3.09,3.09,4.47,1.0728
2031,9,3.33,3.33,3.33,3.4,3.4,3.33,3.33,3.33,3.33,3.04,3.04,4.47,1.0728
2031,10,3.42,3.42,3.42,3.48,3.48,3.42,3.42,3.42,3.42,3.18,3.18,4.47,1.0728
2031,11,3.65,3.65,3.65,3.69,3.69,3.65,3.65,3.65,3.65,3.5,3.5,3.771,0.90504
2031,12,4.42,4.42,4.42,4.49,4.49,4.42,4.42,4.42,4.42,4.14,4.14,3.771,0.90504
2032,1,5,5,5,5.13,5.13,5,5,5,5,4.49,4.49,3.9146751,0.939522024
2032,2,4.6,4.6,4.6,4.75,4.75,4.6,4.6,4.6,4.6,4,4,3.9146751,0.939522024
2032,3,3.59,3.59,3.59,3.68,3.68,3.59,3.59,3.59,3.59,3.26,3.26,3.9146751,0.939522024
2032,4,2.65,2.65,2.65,2.68,2.68,2.65,2.65,2.65,2.65,2.52,2.52,3.9146751,0.939522024
2032,5,2.63,2.63,2.63,2.65,2.65,2.63,2.63,2.63,2.63,2.52,2.52,3.9146751,0.939522024
2032,6,2.78,2.78,2.78,2.81,2.81,2.78,2.78,2.78,2.78,2.66,2.66,3.9146751,0.939522024
2032,7,3.26,3.26,3.26,3.3,3.3,3.26,3.26,3.26,3.26,3.1,3.1,3.9146751,0.939522024
2032,8,3.33,3.33,3.33,3.37,3.37,3.33,3.33,3.33,3.33,3.17,3.17,3.9146751,0.939522024
2032,9,3.28,3.28,3.28,3.33,3.33,3.28,3.28,3.28,3.28,3.11,3.11,3.9146751,0.939522024
2032,10,3.33,3.33,3.33,3.36,3.36,3.33,3.33,3.33,3.33,3.2,3.2,3.9146751,0.939522024
2032,11,3.58,3.58,3.58,3.59,3.59,3.58,3.58,3.58,3.58,3.55,3.55,3.9146751,0.939522024
2032,12,4.07,4.07,4.07,4.07,4.07,4.07,4.07,4.07,4.07,4.05,4.05,3.9146751,0.939522024
2033,1,4.71,4.71,4.71,4.83,4.83,4.71,4.71,4.71,4.71,4.23,4.23,4.063824221,0.975317813
2033,2,4.37,4.37,4.37,4.5,4.5,4.37,4.37,4.37,4.37,3.86,3.86,4.063824221,0.975317813
2033,3,3.51,3.51,3.51,3.6,3.6,3.51,3.51,3.51,3.51,3.17,3.17,4.063824221,0.975317813
2033,4,2.61,2.61,2.61,2.61,2.61,2.61,2.61,2.61,2.61,2.63,2.63,4.063824221,0.975317813
2033,5,2.61,2.61,2.61,2.6,2.6,2.61,2.61,2.61,2.61,2.64,2.64,4.063824221,0.975317813
2033,6,2.77,2.77,2.77,2.77,2.77,2.77,2.77,2.77,2.77,2.79,2.79,4.063824221,0.975317813
2033,7,3.29,3.29,3.29,3.36,3.36,3.29,3.29,3.29,3.29,2.99,2.99,4.063824221,0.975317813
2033,8,3.38,3.38,3.38,3.45,3.45,3.38,3.38,3.38,3.38,3.08,3.08,4.063824221,0.975317813
2033,9,3.32,3.32,3.32,3.4,3.4,3.32,3.32,3.32,3.32,3.03,3.03,4.063824221,0.975317813
2033,10,2.74,2.74,2.74,2.67,2.67,2.74,2.74,2.74,2.74,3.03,3.03,4.063824221,0.975317813
2033,11,3.35,3.35,3.35,3.28,3.28,3.35,3.35,3.35,3.35,3.65,3.65,4.063824221,0.975317813
2033,12,3.82,3.82,3.82,3.74,3.74,3.82,3.82,3.82,3.82,4.14,4.14,4.063824221,0.975317813
2034,1,4.99,4.99,4.99,5.17,5.17,4.99,4.99,4.99,4.99,4.28,4.28,4.218655924,1.012477422
2034,2,4.58,4.58,4.58,4.74,4.74,4.58,4.58,4.58,4.58,3.95,3.95,4.218655924,1.012477422
2034,3,3.95,3.95,3.95,4.11,4.11,3.95,3.95,3.95,3.95,3.29,3.29,4.218655924,1.012477422
2034,4,2.69,2.69,2.69,2.69,2.69,2.69,2.69,2.69,2.69,2.68,2.68,4.218655924,1.012477422
2034,5,2.68,2.68,2.68,2.67,2.67,2.68,2.68,2.68,2.68,2.69,2.69,4.218655924,1.012477422
2034,6,2.85,2.85,2.85,2.85,2.85,2.85,2.85,2.85,2.85,2.84,2.84,4.218655924,1.012477422
2034,7,3.19,3.19,3.19,3.23,3.23,3.19,3.19,3.19,3.19,3.03,3.03,4.218655924,1.012477422
2034,8,3.27,3.27,3.27,3.31,3.31,3.27,3.27,3.27,3.27,3.11,3.11,4.218655924,1.012477422
2034,9,3.27,3.27,3.27,3.31,3.31,3.27,3.27,3.27,3.27,3.1,3.1,4.218655924,1.012477422
2034,10,3.23,3.23,3.23,3.24,3.24,3.23,3.23,3.23,3.23,3.17,3.17,4.218655924,1.012477422
2034,11,3.67,3.67,3.67,3.65,3.65,3.67,3.67,3.67,3.67,3.76,3.76,4.218655924,1.012477422
2034,12,4.12,4.12,4.12,4.09,4.09,4.12,4.12,4.12,4.12,4.22,4.22,4.218655924,1.012477422
2035,1,4.72,4.72,4.72,4.85,4.85,4.72,4.72,4.72,4.72,4.21,4.21,4.182516934,1.003804064
2035,2,4.4,4.4,4.4,4.51,4.51,4.4,4.4,4.4,4.4,3.96,3.96,4.182516934,1.003804064
2035,3,3.95,3.95,3.95,4.06,4.06,3.95,3.95,3.95,3.95,3.48,3.48,4.182516934,1.003804064
2035,4,3.01,3.01,3.01,3.03,3.03,3.01,3.01,3.01,3.01,2.95,2.95,4.182516934,1.003804064
2035,5,2.98,2.98,2.98,2.99,2.99,2.98,2.98,2.98,2.98,2.94,2.94,4.182516934,1.003804064
2035,6,3.03,3.03,3.03,3.04,3.04,3.03,3.03,3.03,3.03,2.96,2.96,4.182516934,1.003804064
2035,7,3.11,3.11,3.11,3.14,3.14,3.11,3.11,3.11,3.11,3.01,3.01,4.182516934,1.003804064
2035,8,3.17,3.17,3.17,3.19,3.19,3.17,3.17,3.17,3.17,3.07,3.07,4.182516934,1.003804064
2035,9,3.17,3.17,3.17,3.19,3.19,3.17,3.17,3.17,3.17,3.06,3.06,4.182516934,1.003804064
2035,10,3.19,3.19,3.19,3.2,3.2,3.19,3.19,3.19,3.19,3.13,3.13,4.182516934,1.003804064
2035,11,3.85,3.85,3.85,3.89,3.89,3.85,3.85,3.85,3.85,3.67,3.67,4.182516934,1.003804064
2035,12,4.2,4.2,4.2,4.24,4.24,4.2,4.2,4.2,4.2,4.04,4.04,4.182516934,1.003804064
2036,1,4.84,4.84,4.84,4.97,4.97,4.84,4.84,4.84,4.84,4.31,4.31,4.32472251,1.037933402
2036,2,4.51,4.51,4.51,4.62,4.62,4.51,4.51,4.51,4.51,4.05,4.05,4.32472251,1.037933402
2036,3,4.04,4.04,4.04,4.16,4.16,4.04,4.04,4.04,4.04,3.57,3.57,4.32472251,1.037933402
2036,4,3.08,3.08,3.08,3.1,3.1,3.08,3.08,3.08,3.08,3.02,3.02,4.32472251,1.037933402
2036,5,3.05,3.05,3.05,3.06,3.06,3.05,3.05,3.05,3.05,3.01,3.01,4.32472251,1.037933402
2036,6,3.1,3.1,3.1,3.11,3.11,3.1,3.1,3.1,3.1,3.03,3.03,4.32472251,1.037933402
2036,7,3.19,3.19,3.19,3.21,3.21,3.19,3.19,3.19,3.19,3.08,3.08,4.32472251,1.037933402
2036,8,3.24,3.24,3.24,3.27,3.27,3.24,3.24,3.24,3.24,3.14,3.14,4.32472251,1.037933402
2036,9,3.24,3.24,3.24,3.27,3.27,3.24,3.24,3.24,3.24,3.13,3.13,4.32472251,1.037933402
2036,10,3.27,3.27,3.27,3.28,3.28,3.27,3.27,3.27,3.27,3.2,3.2,4.32472251,1.037933402
2036,11,3.94,3.94,3.94,3.99,3.99,3.94,3.94,3.94,3.94,3.76,3.76,4.32472251,1.037933402
2036,12,4.3,4.3,4.3,4.35,4.35,4.3,4.3,4.3,4.3,4.13,4.13,4.32472251,1.037933402
2037,1,4.95,4.95,4.95,5.09,5.09,4.95,4.95,4.95,4.95,4.41,4.41,4.471763075,1.073223138
2037,2,4.62,4.62,4.62,4.73,4.73,4.62,4.62,4.62,4.62,4.15,4.15,4.471763075,1.073223138
2037,3,4.14,4.14,4.14,4.26,4.26,4.14,4.14,4.14,4.14,3.65,3.65,4.471763075,1.073223138
2037,4,3.15,3.15,3.15,3.17,3.17,3.15,3.15,3.15,3.15,3.09,3.09,4.471763075,1.073223138
2037,5,3.13,3.13,3.13,3.14,3.14,3.13,3.13,3.13,3.13,3.08,3.08,4.471763075,1.073223138
2037,6,3.17,3.17,3.17,3.19,3.19,3.17,3.17,3.17,3.17,3.11,3.11,4.471763075,1.073223138
2037,7,3.26,3.26,3.26,3.29,3.29,3.26,3.26,3.26,3.26,3.16,3.16,4.471763075,1.073223138
2037,8,3.32,3.32,3.32,3.35,3.35,3.32,3.32,3.32,3.32,3.21,3.21,4.471763075,1.073223138
2037,9,3.32,3.32,3.32,3.35,3.35,3.32,3.32,3.32,3.32,3.21,3.21,4.471763075,1.073223138
2037,10,3.34,3.34,3.34,3.36,3.36,3.34,3.34,3.34,3.34,3.28,3.28,4.471763075,1.073223138
2037,11,4.03,4.03,4.03,4.08,4.08,4.03,4.03,4.03,4.03,3.85,3.85,4.471763075,1.073223138
2037,12,4.41,4.41,4.41,4.45,4.45,4.41,4.41,4.41,4.41,4.23,4.23,4.471763075,1.073223138
2038,1,5.07,5.07,5.07,5.21,5.21,5.07,5.07,5.07,5.07,4.52,4.52,4.62380302,1.109712725
2038,2,4.73,4.73,4.73,4.85,4.85,4.73,4.73,4.73,4.73,4.25,4.25,4.62380302,1.109712725
2038,3,4.24,4.24,4.24,4.36,4.36,4.24,4.24,4.24,4.24,3.74,3.74,4.62380302,1.109712725
2038,4,3.23,3.23,3.23,3.25,3.25,3.23,3.23,3.23,3.23,3.16,3.16,4.62380302,1.109712725
2038,5,3.2,3.2,3.2,3.21,3.21,3.2,3.2,3.2,3.2,3.16,3.16,4.62380302,1.109712725
2038,6,3.25,3.25,3.25,3.27,3.27,3.25,3.25,3.25,3.25,3.18,3.18,4.62380302,1.109712725
2038,7,3.34,3.34,3.34,3.37,3.37,3.34,3.34,3.34,3.34,3.23,3.23,4.62380302,1.109712725
2038,8,3.4,3.4,3.4,3.43,3.43,3.4,3.4,3.4,3.4,3.29,3.29,4.62380302,1.109712725
2038,9,3.4,3.4,3.4,3.43,3.43,3.4,3.4,3.4,3.4,3.29,3.29,4.62380302,1.109712725
2038,10,3.42,3.42,3.42,3.44,3.44,3.42,3.42,3.42,3.42,3.36,3.36,4.62380302,1.109712725
2038,11,4.13,4.13,4.13,4.18,4.18,4.13,4.13,4.13,4.13,3.94,3.94,4.62380302,1.109712725
2038,12,4.51,4.51,4.51,4.56,4.56,4.51,4.51,4.51,4.51,4.33,4.33,4.62380302,1.109712725
2039,1,5.19,5.19,5.19,5.33,5.33,5.19,5.19,5.19,5.19,4.63,4.63,0,0
2039,2,4.84,4.84,4.84,4.96,4.96,4.84,4.84,4.84,4.84,4.35,4.35,0,0
2039,3,4.34,4.34,4.34,4.46,4.46,4.34,4.34,4.34,4.34,3.83,3.83,0,0
2039,4,3.31,3.31,3.31,3.32,3.32,3.31,3.31,3.31,3.31,3.24,3.24,0,0
2039,5,3.28,3.28,3.28,3.29,3.29,3.28,3.28,3.28,3.28,3.23,3.23,0,0
2039,6,3.33,3.33,3.33,3.34,3.34,3.33,3.33,3.33,3.33,3.26,3.26,0,0
2039,7,3.42,3.42,3.42,3.45,3.45,3.42,3.42,3.42,3.42,3.31,3.31,0,0
2039,8,3.48,3.48,3.48,3.51,3.51,3.48,3.48,3.48,3.48,3.37,3.37,0,0
2039,9,3.48,3.48,3.48,3.51,3.51,3.48,3.48,3.48,3.48,3.36,3.36,0,0
2039,10,3.51,3.51,3.51,3.52,3.52,3.51,3.51,3.51,3.51,3.44,3.44,0,0
2039,11,4.23,4.23,4.23,4.28,4.28,4.23,4.23,4.23,4.23,4.04,4.04,0,0
2039,12,4.62,4.62,4.62,4.66,4.66,4.62,4.62,4.62,4.62,4.44,4.44,0,0
2040,1,5.32,5.32,5.32,5.46,5.46,5.32,5.32,5.32,5.32,4.74,4.74,0,0
2040,2,4.96,4.96,4.96,5.08,5.08,4.96,4.96,4.96,4.96,4.46,4.46,0,0
2040,3,4.44,4.44,4.44,4.57,4.57,4.44,4.44,4.44,4.44,3.92,3.92,0,0
2040,4,3.39,3.39,3.39,3.4,3.4,3.39,3.39,3.39,3.39,3.32,3.32,0,0
2040,5,3.36,3.36,3.36,3.37,3.37,3.36,3.36,3.36,3.36,3.31,3.31,0,0
2040,6,3.41,3.41,3.41,3.42,3.42,3.41,3.41,3.41,3.41,3.33,3.33,0,0
2040,7,3.5,3.5,3.5,3.53,3.53,3.5,3.5,3.5,3.5,3.39,3.39,0,0
2040,8,3.56,3.56,3.56,3.59,3.59,3.56,3.56,3.56,3.56,3.45,3.45,0,0
2040,9,3.56,3.56,3.56,3.59,3.59,3.56,3.56,3.56,3.56,3.44,3.44,0,0
2040,10,3.59,3.59,3.59,3.61,3.61,3.59,3.59,3.59,3.59,3.52,3.52,0,0
2040,11,4.33,4.33,4.33,4.38,4.38,4.33,4.33,4.33,4.33,4.13,4.13,0,0
2040,12,4.73,4.73,4.73,4.78,4.78,4.73,4.73,4.73,4.73,4.54,4.54,0,0
2041,1,5.44,5.44,5.44,5.59,5.59,5.44,5.44,5.44,5.44,4.85,4.85,0,0
2041,2,5.07,5.07,5.07,5.2,5.2,5.07,5.07,5.07,5.07,4.56,4.56,0,0
2041,3,4.55,4.55,4.55,4.68,4.68,4.55,4.55,4.55,4.55,4.01,4.01,0,0
2041,4,3.47,3.47,3.47,3.49,3.49,3.47,3.47,3.47,3.47,3.4,3.4,0,0
2041,5,3.44,3.44,3.44,3.45,3.45,3.44,3.44,3.44,3.44,3.39,3.39,0,0
2041,6,3.49,3.49,3.49,3.5,3.5,3.49,3.49,3.49,3.49,3.41,3.41,0,0
2041,7,3.59,3.59,3.59,3.61,3.61,3.59,3.59,3.59,3.59,3.47,3.47,0,0
2041,8,3.65,3.65,3.65,3.68,3.68,3.65,3.65,3.65,3.65,3.53,3.53,0,0
2041,9,3.65,3.65,3.65,3.68,3.68,3.65,3.65,3.65,3.65,3.53,3.53,0,0
2041,10,3.67,3.67,3.67,3.69,3.69,3.67,3.67,3.67,3.67,3.6,3.6,0,0
2041,11,4.43,4.43,4.43,4.49,4.49,4.43,4.43,4.43,4.43,4.23,4.23,0,0
2041,12,4.84,4.84,4.84,4.89,4.89,4.84,4.84,4.84,4.84,4.65,4.65,0,0
2042,1,5.57,5.57,5.57,5.72,5.72,5.57,5.57,5.57,5.57,4.97,4.97,0,0
2042,2,5.2,5.2,5.2,5.33,5.33,5.2,5.2,5.2,5.2,4.67,4.67,0,0
2042,3,4.66,4.66,4.66,4.79,4.79,4.66,4.66,4.66,4.66,4.11,4.11,0,0
2042,4,3.55,3.55,3.55,3.57,3.57,3.55,3.55,3.55,3.55,3.48,3.48,0,0
2042,5,3.52,3.52,3.52,3.53,3.53,3.52,3.52,3.52,3.52,3.47,3.47,0,0
2042,6,3.57,3.57,3.57,3.59,3.59,3.57,3.57,3.57,3.57,3.5,3.5,0,0
2042,7,3.67,3.67,3.67,3.7,3.7,3.67,3.67,3.67,3.67,3.55,3.55,0,0
2042,8,3.74,3.74,3.74,3.77,3.77,3.74,3.74,3.74,3.74,3.62,3.62,0,0
2042,9,3.74,3.74,3.74,3.77,3.77,3.74,3.74,3.74,3.74,3.61,3.61,0,0
2042,10,3.76,3.76,3.76,3.78,3.78,3.76,3.76,3.76,3.76,3.69,3.69,0,0
2042,11,4.54,4.54,4.54,4.59,4.59,4.54,4.54,4.54,4.54,4.33,4.33,0,0
2042,12,4.96,4.96,4.96,5.01,5.01,4.96,4.96,4.96,4.96,4.76,4.76,0,0
2043,1,5.71,5.71,5.71,5.86,5.86,5.71,5.71,5.71,5.71,5.09,5.09,0,0
2043,2,5.32,5.32,5.32,5.45,5.45,5.32,5.32,5.32,5.32,4.78,4.78,0,0
2043,3,4.77,4.77,4.77,4.91,4.91,4.77,4.77,4.77,4.77,4.21,4.21,0,0
2043,4,3.64,3.64,3.64,3.65,3.65,3.64,3.64,3.64,3.64,3.56,3.56,0,0
2043,5,3.6,3.6,3.6,3.62,3.62,3.6,3.6,3.6,3.6,3.55,3.55,0,0
2043,6,3.66,3.66,3.66,3.67,3.67,3.66,3.66,3.66,3.66,3.58,3.58,0,0
2043,7,3.76,3.76,3.76,3.79,3.79,3.76,3.76,3.76,3.76,3.64,3.64,0,0
2043,8,3.83,3.83,3.83,3.86,3.86,3.83,3.83,3.83,3.83,3.7,3.7,0,0
2043,9,3.83,3.83,3.83,3.86,3.86,3.83,3.83,3.83,3.83,3.7,3.7,0,0
2043,10,3.85,3.85,3.85,3.87,3.87,3.85,3.85,3.85,3.85,3.78,3.78,0,0
2043,11,4.65,4.65,4.65,4.7,4.7,4.65,4.65,4.65,4.65,4.44,4.44,0,0
2043,12,5.08,5.08,5.08,5.13,5.13,5.08,5.08,5.08,5.08,4.88,4.88,0,0
2044,1,5.84,5.84,5.84,6,6,5.84,5.84,5.84,5.84,5.21,5.21,0,0
2044,2,5.45,5.45,5.45,5.58,5.58,5.45,5.45,5.45,5.45,4.9,4.9,0,0
2044,3,4.88,4.88,4.88,5.02,5.02,4.88,4.88,4.88,4.88,4.31,4.31,0,0
2044,4,3.72,3.72,3.72,3.74,3.74,3.72,3.72,3.72,3.72,3.64,3.64,0,0
2044,5,3.69,3.69,3.69,3.7,3.7,3.69,3.69,3.69,3.69,3.64,3.64,0,0
2044,6,3.74,3.74,3.74,3.76,3.76,3.74,3.74,3.74,3.74,3.67,3.67,0,0
2044,7,3.85,3.85,3.85,3.88,3.88,3.85,3.85,3.85,3.85,3.73,3.73,0,0
2044,8,3.92,3.92,3.92,3.95,3.95,3.92,3.92,3.92,3.92,3.79,3.79,0,0
2044,9,3.92,3.92,3.92,3.95,3.95,3.92,3.92,3.92,3.92,3.79,3.79,0,0
2044,10,3.94,3.94,3.94,3.96,3.96,3.94,3.94,3.94,3.94,3.87,3.87,0,0
2044,11,4.76,4.76,4.76,4.82,4.82,4.76,4.76,4.76,4.76,4.54,4.54,0,0
2044,12,5.2,5.2,5.2,5.25,5.25,5.2,5.2,5.2,5.2,4.99,4.99,0,0
2045,1,5.98,5.98,5.98,6.14,6.14,5.98,5.98,5.98,5.98,5.33,5.33,0,0
2045,2,5.58,5.58,5.58,5.72,5.72,5.58,5.58,5.58,5.58,5.01,5.01,0,0
2045,3,5,5,5,5.14,5.14,5,5,5,5,4.41,4.41,0,0
2045,4,3.81,3.81,3.81,3.83,3.83,3.81,3.81,3.81,3.81,3.73,3.73,0,0
2045,5,3.78,3.78,3.78,3.79,3.79,3.78,3.78,3.78,3.78,3.72,3.72,0,0
2045,6,3.83,3.83,3.83,3.85,3.85,3.83,3.83,3.83,3.83,3.75,3.75,0,0
2045,7,3.94,3.94,3.94,3.97,3.97,3.94,3.94,3.94,3.94,3.81,3.81,0,0
2045,8,4.01,4.01,4.01,4.04,4.04,4.01,4.01,4.01,4.01,3.88,3.88,0,0
2045,9,4.01,4.01,4.01,4.04,4.04,4.01,4.01,4.01,4.01,3.88,3.88,0,0
2045,10,4.04,4.04,4.04,4.06,4.06,4.04,4.04,4.04,4.04,3.96,3.96,0,0
2045,11,4.87,4.87,4.87,4.93,4.93,4.87,4.87,4.87,4.87,4.65,4.65,0,0
2045,12,5.32,5.32,5.32,5.37,5.37,5.32,5.32,5.32,5.32,5.11,5.11,0,0
2046,1,6.13,6.13,6.13,6.29,6.29,6.13,6.13,6.13,6.13,5.46,5.46,0,0
2046,2,5.71,5.71,5.71,5.85,5.85,5.71,5.71,5.71,5.71,5.13,5.13,0,0
2046,3,5.12,5.12,5.12,5.27,5.27,5.12,5.12,5.12,5.12,4.52,4.52,0,0
2046,4,3.9,3.9,3.9,3.92,3.92,3.9,3.9,3.9,3.9,3.82,3.82,0,0
2046,5,3.87,3.87,3.87,3.88,3.88,3.87,3.87,3.87,3.87,3.81,3.81,0,0
2046,6,3.92,3.92,3.92,3.94,3.94,3.92,3.92,3.92,3.92,3.84,3.84,0,0
2046,7,4.03,4.03,4.03,4.07,4.07,4.03,4.03,4.03,4.03,3.91,3.91,0,0
2046,8,4.11,4.11,4.11,4.14,4.14,4.11,4.11,4.11,4.11,3.98,3.98,0,0
2046,9,4.11,4.11,4.11,4.14,4.14,4.11,4.11,4.11,4.11,3.97,3.97,0,0
2046,10,4.14,4.14,4.14,4.16,4.16,4.14,4.14,4.14,4.14,4.05,4.05,0,0
2046,11,4.99,4.99,4.99,5.05,5.05,4.99,4.99,4.99,4.99,4.76,4.76,0,0
2046,12,5.45,5.45,5.45,5.5,5.5,5.45,5.45,5.45,5.45,5.23,5.23,0,0
2047,1,6.27,6.27,6.27,6.44,6.44,6.27,6.27,6.27,6.27,5.59,5.59,0,0
2047,2,5.85,5.85,5.85,5.99,5.99,5.85,5.85,5.85,5.85,5.26,5.26,0,0
2047,3,5.24,5.24,5.24,5.39,5.39,5.24,5.24,5.24,5.24,4.63,4.63,0,0
2047,4,4,4,4,4.02,4.02,4,4,4,4,3.91,3.91,0,0
2047,5,3.96,3.96,3.96,3.97,3.97,3.96,3.96,3.96,3.96,3.9,3.9,0,0
2047,6,4.02,4.02,4.02,4.04,4.04,4.02,4.02,4.02,4.02,3.93,3.93,0,0
2047,7,4.13,4.13,4.13,4.16,4.16,4.13,4.13,4.13,4.13,4,4,0,0
2047,8,4.21,4.21,4.21,4.24,4.24,4.21,4.21,4.21,4.21,4.07,4.07,0,0
2047,9,4.2,4.2,4.2,4.24,4.24,4.2,4.2,4.2,4.2,4.06,4.06,0,0
2047,10,4.23,4.23,4.23,4.25,4.25,4.23,4.23,4.23,4.23,4.15,4.15,0,0
2047,11,5.11,5.11,5.11,5.17,5.17,5.11,5.11,5.11,5.11,4.87,4.87,0,0
2047,12,5.58,5.58,5.58,5.63,5.63,5.58,5.58,5.58,5.58,5.36,5.36,0,0
2048,1,6.42,6.42,6.42,6.6,6.6,6.42,6.42,6.42,6.42,5.72,5.72,0,0
2048,2,5.99,5.99,5.99,6.14,6.14,5.99,5.99,5.99,5.99,5.38,5.38,0,0
2048,3,5.36,5.36,5.36,5.52,5.52,5.36,5.36,5.36,5.36,4.74,4.74,0,0
2048,4,4.09,4.09,4.09,4.11,4.11,4.09,4.09,4.09,4.09,4.01,4.01,0,0
2048,5,4.05,4.05,4.05,4.07,4.07,4.05,4.05,4.05,4.05,4,4,0,0
2048,6,4.11,4.11,4.11,4.13,4.13,4.11,4.11,4.11,4.11,4.03,4.03,0,0
2048,7,4.23,4.23,4.23,4.26,4.26,4.23,4.23,4.23,4.23,4.09,4.09,0,0
2048,8,4.31,4.31,4.31,4.34,4.34,4.31,4.31,4.31,4.31,4.17,4.17,0,0
2048,9,4.3,4.3,4.3,4.34,4.34,4.3,4.3,4.3,4.3,4.16,4.16,0,0
2048,10,4.34,4.34,4.34,4.36,4.36,4.34,4.34,4.34,4.34,4.25,4.25,0,0
2048,11,5.23,5.23,5.23,5.29,5.29,5.23,5.23,5.23,5.23,4.99,4.99,0,0
2048,12,5.71,5.71,5.71,5.77,5.77,5.71,5.71,5.71,5.71,5.49,5.49,0,0
2049,1,6.57,6.57,6.57,6.75,6.75,6.57,6.57,6.57,6.57,5.86,5.86,0,0
2049,2,6.13,6.13,6.13,6.28,6.28,6.13,6.13,6.13,6.13,5.51,5.51,0,0
2049,3,5.49,5.49,5.49,5.65,5.65,5.49,5.49,5.49,5.49,4.85,4.85,0,0
2049,4,4.19,4.19,4.19,4.21,4.21,4.19,4.19,4.19,4.19,4.1,4.1,0,0
2049,5,4.15,4.15,4.15,4.17,4.17,4.15,4.15,4.15,4.15,4.09,4.09,0,0
2049,6,4.21,4.21,4.21,4.23,4.23,4.21,4.21,4.21,4.21,4.12,4.12,0,0
2049,7,4.33,4.33,4.33,4.37,4.37,4.33,4.33,4.33,4.33,4.19,4.19,0,0
2049,8,4.41,4.41,4.41,4.44,4.44,4.41,4.41,4.41,4.41,4.27,4.27,0,0
2049,9,4.41,4.41,4.41,4.44,4.44,4.41,4.41,4.41,4.41,4.26,4.26,0,0
2049,10,4.44,4.44,4.44,4.46,4.46,4.44,4.44,4.44,4.44,4.35,4.35,0,0
2049,11,5.36,5.36,5.36,5.42,5.42,5.36,5.36,5.36,5.36,5.11,5.11,0,0
2049,12,5.85,5.85,5.85,5.91,5.91,5.85,5.85,5.85,5.85,5.62,5.62,0,0
2050,1,6.73,6.73,6.73,6.92,6.92,6.73,6.73,6.73,6.73,6,6,0,0
2050,2,6.28,6.28,6.28,6.43,6.43,6.28,6.28,6.28,6.28,5.64,5.64,0,0
2050,3,5.62,5.62,5.62,5.79,5.79,5.62,5.62,5.62,5.62,4.97,4.97,0,0
2050,4,4.29,4.29,4.29,4.31,4.31,4.29,4.29,4.29,4.29,4.2,4.2,0,0
2050,5,4.25,4.25,4.25,4.27,4.27,4.25,4.25,4.25,4.25,4.19,4.19,0,0
2050,6,4.31,4.31,4.31,4.33,4.33,4.31,4.31,4.31,4.31,4.22,4.22,0,0
2050,7,4.43,4.43,4.43,4.47,4.47,4.43,4.43,4.43,4.43,4.29,4.29,0,0
2050,8,4.51,4.51,4.51,4.55,4.55,4.51,4.51,4.51,4.51,4.37,4.37,0,0
2050,9,4.51,4.51,4.51,4.55,4.55,4.51,4.51,4.51,4.51,4.36,4.36,0,0
2050,10,4.54,4.54,4.54,4.57,4.57,4.54,4.54,4.54,4.54,4.46,4.46,0,0
2050,11,5.49,5.49,5.49,5.55,5.55,5.49,5.49,5.49,5.49,5.23,5.23,0,0
2050,12,5.99,5.99,5.99,6.05,6.05,5.99,5.99,5.99,5.99,5.75,5.75,0,0
2051,1,6.89,6.89,6.89,7.08,7.08,6.89,6.89,6.89,6.89,6.14,6.14,0,0
2051,2,6.43,6.43,6.43,6.59,6.59,6.43,6.43,6.43,6.43,5.78,5.78,0,0
2051,3,5.76,5.76,5.76,5.93,5.93,5.76,5.76,5.76,5.76,5.08,5.08,0,0
2051,4,4.39,4.39,4.39,4.41,4.41,4.39,4.39,4.39,4.39,4.3,4.3,0,0
2051,5,4.35,4.35,4.35,4.37,4.37,4.35,4.35,4.35,4.35,4.29,4.29,0,0
2051,6,4.42,4.42,4.42,4.44,4.44,4.42,4.42,4.42,4.42,4.32,4.32,0,0
2051,7,4.54,4.54,4.54,4.58,4.58,4.54,4.54,4.54,4.54,4.4,4.4,0,0
2051,8,4.62,4.62,4.62,4.66,4.66,4.62,4.62,4.62,4.62,4.47,4.47,0,0
2051,9,4.62,4.62,4.62,4.66,4.66,4.62,4.62,4.62,4.62,4.47,4.47,0,0
2051,10,4.65,4.65,4.65,4.68,4.68,4.65,4.65,4.65,4.65,4.56,4.56,0,0
2051,11,5.62,5.62,5.62,5.68,5.68,5.62,5.62,5.62,5.62,5.36,5.36,0,0
2051,12,6.13,6.13,6.13,6.19,6.19,6.13,6.13,6.13,6.13,5.89,5.89,0,0
2052,1,7.06,7.06,7.06,7.25,7.25,7.06,7.06,7.06,7.06,6.29,6.29,0,0
2052,2,6.58,6.58,6.58,6.75,6.75,6.58,6.58,6.58,6.58,5.91,5.91,0,0
2052,3,5.9,5.9,5.9,6.07,6.07,5.9,5.9,5.9,5.9,5.21,5.21,0,0
2052,4,4.5,4.5,4.5,4.52,4.52,4.5,4.5,4.5,4.5,4.4,4.4,0,0
2052,5,4.46,4.46,4.46,4.47,4.47,4.46,4.46,4.46,4.46,4.39,4.39,0,0
2052,6,4.52,4.52,4.52,4.54,4.54,4.52,4.52,4.52,4.52,4.43,4.43,0,0
2052,7,4.65,4.65,4.65,4.69,4.69,4.65,4.65,4.65,4.65,4.5,4.5,0,0
2052,8,4.73,4.73,4.73,4.77,4.77,4.73,4.73,4.73,4.73,4.58,4.58,0,0
2052,9,4.73,4.73,4.73,4.77,4.77,4.73,4.73,4.73,4.73,4.57,4.57,0,0
2052,10,4.76,4.76,4.76,4.79,4.79,4.76,4.76,4.76,4.76,4.67,4.67,0,0
2052,11,5.75,5.75,5.75,5.82,5.82,5.75,5.75,5.75,5.75,5.49,5.49,0,0
2052,12,6.28,6.28,6.28,6.34,6.34,6.28,6.28,6.28,6.28,6.03,6.03,0,0
2053,1,7.23,7.23,7.23,7.42,7.42,7.23,7.23,7.23,7.23,6.44,6.44,0,0
2053,2,6.74,6.74,6.74,6.91,6.91,6.74,6.74,6.74,6.74,6.06,6.06,0,0
2053,3,6.04,6.04,6.04,6.21,6.21,6.04,6.04,6.04,6.04,5.33,5.33,0,0
2053,4,4.6,4.6,4.6,4.63,4.63,4.6,4.6,4.6,4.6,4.51,4.51,0,0
2053,5,4.56,4.56,4.56,4.58,4.58,4.56,4.56,4.56,4.56,4.5,4.5,0,0
2053,6,4.63,4.63,4.63,4.65,4.65,4.63,4.63,4.63,4.63,4.53,4.53,0,0
2053,7,4.76,4.76,4.76,4.8,4.8,4.76,4.76,4.76,4.76,4.61,4.61,0,0
2053,8,4.85,4.85,4.85,4.88,4.88,4.85,4.85,4.85,4.85,4.69,4.69,0,0
2053,9,4.84,4.84,4.84,4.88,4.88,4.84,4.84,4.84,4.84,4.68,4.68,0,0
2053,10,4.88,4.88,4.88,4.9,4.9,4.88,4.88,4.88,4.88,4.78,4.78,0,0
2053,11,5.89,5.89,5.89,5.96,5.96,5.89,5.89,5.89,5.89,5.62,5.62,0,0
2053,12,6.43,6.43,6.43,6.49,6.49,6.43,6.43,6.43,6.43,6.17,6.17,0,0
2054,1,7.4,7.4,7.4,7.6,7.6,7.4,7.4,7.4,7.4,6.59,6.59,0,0
2054,2,6.9,6.9,6.9,7.07,7.07,6.9,6.9,6.9,6.9,6.2,6.2,0,0
2054,3,6.18,6.18,6.18,6.36,6.36,6.18,6.18,6.18,6.18,5.46,5.46,0,0
2054,4,4.71,4.71,4.71,4.74,4.74,4.71,4.71,4.71,4.71,4.62,4.62,0,0
2054,5,4.67,4.67,4.67,4.69,4.69,4.67,4.67,4.67,4.67,4.6,4.6,0,0
2054,6,4.74,4.74,4.74,4.76,4.76,4.74,4.74,4.74,4.74,4.64,4.64,0,0
2054,7,4.87,4.87,4.87,4.91,4.91,4.87,4.87,4.87,4.87,4.72,4.72,0,0
2054,8,4.96,4.96,4.96,5,5,4.96,4.96,4.96,4.96,4.8,4.8,0,0
2054,9,4.96,4.96,4.96,5,5,4.96,4.96,4.96,4.96,4.79,4.79,0,0
2054,10,5,5,5,5.02,5.02,5,5,5,5,4.9,4.9,0,0
2054,11,6.03,6.03,6.03,6.1,6.1,6.03,6.03,6.03,6.03,5.75,5.75,0,0
2054,12,6.58,6.58,6.58,6.65,6.65,6.58,6.58,6.58,6.58,6.32,6.32,0,0
2055,1,7.58,7.58,7.58,7.78,7.78,7.58,7.58,7.58,7.58,6.75,6.75,0,0
2055,2,7.06,7.06,7.06,7.24,7.24,7.06,7.06,7.06,7.06,6.35,6.35,0,0
2055,3,6.33,6.33,6.33,6.51,6.51,6.33,6.33,6.33,6.33,5.59,5.59,0,0
2055,4,4.83,4.83,4.83,4.85,4.85,4.83,4.83,4.83,4.83,4.73,4.73,0,0
2055,5,4.78,4.78,4.78,4.8,4.8,4.78,4.78,4.78,4.78,4.71,4.71,0,0
2055,6,4.85,4.85,4.85,4.88,4.88,4.85,4.85,4.85,4.85,4.75,4.75,0,0
2055,7,4.99,4.99,4.99,5.03,5.03,4.99,4.99,4.99,4.99,4.83,4.83,0,0
2055,8,5.08,5.08,5.08,5.12,5.12,5.08,5.08,5.08,5.08,4.92,4.92,0,0
2055,9,5.08,5.08,5.08,5.12,5.12,5.08,5.08,5.08,5.08,4.91,4.91,0,0
2055,10,5.11,5.11,5.11,5.14,5.14,5.11,5.11,5.11,5.11,5.01,5.01,0,0
2055,11,6.17,6.17,6.17,6.24,6.24,6.17,6.17,6.17,6.17,5.89,5.89,0,0
2055,12,6.74,6.74,6.74,6.81,6.81,6.74,6.74,6.74,6.74,6.47,6.47,0,0
