Year,ARV_CCH_1,ARV_CCH_2,Cholla 1,Cholla 3,DESERT SUN CT 1,DESERT SUN CT 2,Future LM6000 CT 1,Future LM6000 CT 10,Future LM6000 CT 11,Future LM6000 CT 12,Future LM6000 CT 2,Future LM6000 CT 3,Future LM6000 CT 4,Future LM6000 CT 5,Future LM6000 CT 6,Future LM6000 CT 7,Future LM6000 CT 8,Future LM6000 CT 9,Ocotillo CT 1,Ocotillo CT 2,Ocotillo CT 3,Ocotillo CT 4,Ocotillo CT 5,Ocotillo CT 6,Ocotillo CT 7,Redhawk 1 A,Redhawk 1 B,Redhawk 1 DB,Redhawk 2 A,Redhawk 2 B,Redhawk  CT1,Redhawk  CT2,Redhawk  CT3,Redhawk  CT4,Redhawk  CT5,Redhawk  CT6,Redhawk  CT7,Redhawk  CT8,Redhawk Generating Station (ProEnergy Services) BTA,Saguaro CT 1,Saguaro CT 2,Saguaro CT 3,Sundance CT 1,Sundance CT 10,Sundance CT 2,Sundance CT 3,Sundance CT 4,Sundance CT 5,Sundance CT 6,Sundance CT 7,Sundance CT 8,Sundance CT 9,Sundance CT11,Sundance CT12,West Phoenix CC1,West Phoenix CC2,West Phoenix CC3,West Phoenix CC4,West Phoenix CC5 A,West Phoenix CC5 B,West Phoenix CT 1,West Phoenix CT 2,Yucca CT 1,Yucca CT 2,Yucca CT 3,Yucca CT 4,Yucca CT 5,Yucca CT 6
2026,"1,342.75","1,342.75",42.73,68.86,"1,180.78","1,180.78",360.78,352.19,352.19,352.19,360.78,360.78,360.78,360.78,360.78,360.78,360.78,352.19,186.46,186.46,774.19,774.19,774.19,774.19,774.19,675.96,675.96,57.64,675.96,675.96,401.58,401.58,401.58,401.58,401.58,401.58,401.58,401.58,"2,937.78",186.46,186.46,37.94,334.88,334.88,334.88,334.88,334.88,334.88,334.88,334.88,334.88,334.88,386.55,386.55,119.08,119.08,119.08,334.27,"1,084.86","1,084.86",186.46,186.46,188.91,188.91,52.07,172.41,392.87,392.87
2027,"1,378.63","1,378.63",43.8,70.58,"1,209.89","1,209.89",369.6,360.8,360.8,360.8,369.6,369.6,369.6,369.6,369.6,369.6,369.6,360.8,191.12,191.12,793.54,793.54,793.54,793.54,793.54,694.02,694.02,59.18,694.02,694.02,411.4,411.4,411.4,411.4,411.4,411.4,411.4,411.4,"3,009.60",191.12,191.12,38.89,343.25,343.25,343.25,343.25,343.25,343.25,343.25,343.25,343.25,343.25,396,396,122.06,122.06,122.06,342.63,"1,111.92","1,111.92",191.12,191.12,193.63,193.63,53.37,176.72,402.69,402.69
2028,"1,414.50","1,414.50",44.89,72.35,"1,242.24","1,242.24",378.84,369.82,369.82,369.82,378.84,378.84,378.84,378.84,378.84,378.84,378.84,369.82,195.9,195.9,813.38,813.38,813.38,813.38,813.38,712.08,712.08,60.72,712.08,712.08,421.69,421.69,421.69,421.69,421.69,421.69,421.69,421.69,"3,084.84",195.9,195.9,39.86,351.83,351.83,351.83,351.83,351.83,351.83,351.83,351.83,351.83,351.83,405.9,405.9,125.11,125.11,125.11,351.19,"1,141.44","1,141.44",195.9,195.9,198.47,198.47,54.71,181.14,412.76,412.76
2029,"1,445.25","1,445.25",46.02,74.15,"1,271.36","1,271.36",398.16,388.68,388.68,388.68,398.16,398.16,398.16,398.16,398.16,398.16,398.16,388.68,200.8,200.8,833.72,833.72,833.72,833.72,833.72,748.2,748.2,63.8,748.2,748.2,443.19,443.19,443.19,443.19,443.19,443.19,443.19,443.19,"3,242.16",200.8,200.8,40.86,360.63,360.63,360.63,360.63,360.63,360.63,360.63,360.63,360.63,360.63,426.6,426.6,128.24,128.24,128.24,359.97,"1,198.02","1,198.02",200.8,200.8,203.44,203.44,56.07,185.67,423.08,423.08
2030,"1,486.25","1,486.25",47.17,76.01,"1,303.71","1,303.71",407.82,398.11,398.11,398.11,407.82,407.82,407.82,407.82,407.82,407.82,407.82,398.11,205.82,205.82,854.56,854.56,854.56,854.56,854.56,766.26,766.26,65.34,766.26,766.26,453.94,453.94,453.94,453.94,453.94,453.94,453.94,453.94,"3,320.82",205.82,205.82,41.88,369.64,369.64,369.64,369.64,369.64,369.64,369.64,369.64,369.64,369.64,436.95,436.95,131.44,131.44,131.44,368.97,"1,227.54","1,227.54",205.82,205.82,208.52,208.52,57.48,190.31,433.65,433.65
2031,"1,522.13","1,522.13",48.35,77.91,"1,336.06","1,336.06",418.32,408.36,408.36,408.36,418.32,418.32,418.32,418.32,418.32,418.32,418.32,408.36,210.96,210.96,875.92,875.92,875.92,875.92,875.92,784.32,784.32,66.88,784.32,784.32,465.63,465.63,465.63,465.63,465.63,465.63,465.63,465.63,"3,406.32",210.96,210.96,42.93,378.89,378.89,378.89,378.89,378.89,378.89,378.89,378.89,378.89,378.89,448.2,448.2,134.73,134.73,134.73,378.2,"1,259.52","1,259.52",210.96,210.96,213.73,213.73,58.91,195.07,444.5,444.5
2032,"1,558.00","1,558.00",49.55,79.86,"1,368.41","1,368.41",428.82,418.61,418.61,418.61,428.82,428.82,428.82,428.82,428.82,428.82,428.82,418.61,216.24,216.24,897.82,897.82,897.82,897.82,897.82,804.96,804.96,68.64,804.96,804.96,477.32,477.32,477.32,477.32,477.32,477.32,477.32,477.32,"3,491.82",216.24,216.24,44,388.36,388.36,388.36,388.36,388.36,388.36,388.36,388.36,388.36,388.36,459.45,459.45,138.1,138.1,138.1,387.65,"1,291.50","1,291.50",216.24,216.24,219.08,219.08,60.39,199.94,455.61,455.61
2033,"1,599.00","1,599.00",50.79,81.85,"1,403.99","1,403.99",439.32,428.86,428.86,428.86,439.32,439.32,439.32,439.32,439.32,439.32,439.32,428.86,221.64,221.64,920.27,920.27,920.27,920.27,920.27,825.6,825.6,70.4,825.6,825.6,489.01,489.01,489.01,489.01,489.01,489.01,489.01,489.01,"3,577.32",221.64,221.64,45.1,398.07,398.07,398.07,398.07,398.07,398.07,398.07,398.07,398.07,398.07,470.7,470.7,141.55,141.55,141.55,397.34,"1,323.48","1,323.48",221.64,221.64,224.55,224.55,61.89,204.94,467,467
2034,"1,640.00","1,640.00",52.06,83.9,"1,439.58","1,439.58",450.24,439.52,439.52,439.52,450.24,450.24,450.24,450.24,450.24,450.24,450.24,439.52,227.18,227.18,943.28,943.28,943.28,943.28,943.28,846.24,846.24,72.16,846.24,846.24,501.16,501.16,501.16,501.16,501.16,501.16,501.16,501.16,"3,666.24",227.18,227.18,46.23,408.02,408.02,408.02,408.02,408.02,408.02,408.02,408.02,408.02,408.02,482.4,482.4,145.09,145.09,145.09,407.28,"1,355.46","1,355.46",227.18,227.18,230.17,230.17,63.44,210.06,478.67,478.67
2035,"1,681.00","1,681.00",53.36,86,"1,475.16","1,475.16",461.58,450.59,450.59,450.59,461.58,461.58,461.58,461.58,461.58,461.58,461.58,450.59,232.86,232.86,966.86,966.86,966.86,966.86,966.86,866.88,866.88,73.92,866.88,866.88,513.78,513.78,513.78,513.78,513.78,513.78,513.78,513.78,"3,758.58",232.86,232.86,47.38,418.22,418.22,418.22,418.22,418.22,418.22,418.22,418.22,418.22,418.22,494.55,494.55,148.71,148.71,148.71,417.46,"1,389.90","1,389.90",232.86,232.86,235.92,235.92,65.03,215.32,490.64,490.64
2036,"1,722.00","1,722.00",54.7,88.15,"1,510.75","1,510.75",473.34,462.07,462.07,462.07,473.34,473.34,473.34,473.34,473.34,473.34,473.34,462.07,238.68,238.68,991.03,991.03,991.03,991.03,991.03,887.52,887.52,75.68,887.52,887.52,526.87,526.87,526.87,526.87,526.87,526.87,526.87,526.87,"3,854.34",238.68,238.68,48.57,428.67,428.67,428.67,428.67,428.67,428.67,428.67,428.67,428.67,428.67,507.15,507.15,152.43,152.43,152.43,427.89,"1,424.34","1,424.34",238.68,238.68,241.82,241.82,66.65,220.7,502.91,502.91
2037,"1,763.00","1,763.00",56.07,90.35,"1,549.57","1,549.57",485.1,473.55,473.55,473.55,485.1,485.1,485.1,485.1,485.1,485.1,485.1,473.55,244.65,244.65,"1,015.80","1,015.80","1,015.80","1,015.80","1,015.80",910.74,910.74,77.66,910.74,910.74,539.96,539.96,539.96,539.96,539.96,539.96,539.96,539.96,"3,950.10",244.65,244.65,49.78,439.39,439.39,439.39,439.39,439.39,439.39,439.39,439.39,439.39,439.39,519.75,519.75,156.24,156.24,156.24,438.59,"1,461.24","1,461.24",244.65,244.65,247.87,247.87,68.32,226.22,515.48,515.48
2038,"1,809.13","1,809.13",57.47,92.61,"1,588.39","1,588.39",497.28,485.44,485.44,485.44,497.28,497.28,497.28,497.28,497.28,497.28,497.28,485.44,250.77,250.77,"1,041.20","1,041.20","1,041.20","1,041.20","1,041.20",933.96,933.96,79.64,933.96,933.96,553.52,553.52,553.52,553.52,553.52,553.52,553.52,553.52,"4,049.28",250.77,250.77,51.03,450.38,450.38,450.38,450.38,450.38,450.38,450.38,450.38,450.38,450.38,532.8,532.8,160.15,160.15,160.15,449.56,"1,495.68","1,495.68",250.77,250.77,254.06,254.06,70.03,231.87,528.37,528.37
2039,"1,855.25","1,855.25",58.9,94.92,"1,627.21","1,627.21",509.46,497.33,497.33,497.33,509.46,509.46,509.46,509.46,509.46,509.46,509.46,497.33,257.04,257.04,"1,067.23","1,067.23","1,067.23","1,067.23","1,067.23",957.18,957.18,81.62,957.18,957.18,567.08,567.08,567.08,567.08,567.08,567.08,567.08,567.08,"4,148.46",257.04,257.04,52.3,461.64,461.64,461.64,461.64,461.64,461.64,461.64,461.64,461.64,461.64,545.85,545.85,164.15,164.15,164.15,460.79,"1,535.04","1,535.04",257.04,257.04,260.41,260.41,71.78,237.67,541.58,541.58
2040,"1,901.38","1,901.38",60.38,97.3,"1,669.26","1,669.26",522.48,510.04,510.04,510.04,522.48,522.48,522.48,522.48,522.48,522.48,522.48,510.04,263.46,263.46,"1,093.91","1,093.91","1,093.91","1,093.91","1,093.91",980.4,980.4,83.6,980.4,980.4,581.57,581.57,581.57,581.57,581.57,581.57,581.57,581.57,"4,254.48",263.46,263.46,53.61,473.18,473.18,473.18,473.18,473.18,473.18,473.18,473.18,473.18,473.18,559.8,559.8,168.26,168.26,168.26,472.31,"1,571.94","1,571.94",263.46,263.46,266.92,266.92,73.57,243.61,555.12,555.12
2041,"1,947.50","1,947.50",61.89,99.73,"1,711.32","1,711.32",535.5,522.75,522.75,522.75,535.5,535.5,535.5,535.5,535.5,535.5,535.5,522.75,270.05,270.05,"1,121.26","1,121.26","1,121.26","1,121.26","1,121.26","1,003.62","1,003.62",85.58,"1,003.62","1,003.62",596.06,596.06,596.06,596.06,596.06,596.06,596.06,596.06,"4,360.50",270.05,270.05,54.95,485.01,485.01,485.01,485.01,485.01,485.01,485.01,485.01,485.01,485.01,573.75,573.75,172.46,172.46,172.46,484.12,"1,611.30","1,611.30",270.05,270.05,273.6,273.6,75.41,249.7,568.99,568.99
2042,"1,993.63","1,993.63",63.43,102.22,"1,753.37","1,753.37",548.94,535.87,535.87,535.87,548.94,548.94,548.94,548.94,548.94,548.94,548.94,535.87,276.8,276.8,"1,149.29","1,149.29","1,149.29","1,149.29","1,149.29","1,029.42","1,029.42",87.78,"1,029.42","1,029.42",611.02,611.02,611.02,611.02,611.02,611.02,611.02,611.02,"4,469.94",276.8,276.8,56.32,497.13,497.13,497.13,497.13,497.13,497.13,497.13,497.13,497.13,497.13,588.15,588.15,176.77,176.77,176.77,496.23,"1,653.12","1,653.12",276.8,276.8,280.44,280.44,77.3,255.94,583.22,583.22
2043,"2,044.88","2,044.88",65.02,104.78,"1,798.66","1,798.66",562.38,548.99,548.99,548.99,562.38,562.38,562.38,562.38,562.38,562.38,562.38,548.99,283.72,283.72,"1,178.02","1,178.02","1,178.02","1,178.02","1,178.02","1,055.22","1,055.22",89.98,"1,055.22","1,055.22",625.98,625.98,625.98,625.98,625.98,625.98,625.98,625.98,"4,579.38",283.72,283.72,57.73,509.56,509.56,509.56,509.56,509.56,509.56,509.56,509.56,509.56,509.56,602.55,602.55,181.19,181.19,181.19,508.63,"1,692.48","1,692.48",283.72,283.72,287.45,287.45,79.23,262.34,597.8,597.8
2044,"2,096.13","2,096.13",66.64,107.4,"1,840.72","1,840.72",562.38,548.99,548.99,548.99,562.38,562.38,562.38,562.38,562.38,562.38,562.38,548.99,290.81,290.81,"1,207.47","1,207.47","1,207.47","1,207.47","1,207.47","1,055.22","1,055.22",89.98,"1,055.22","1,055.22",625.98,625.98,625.98,625.98,625.98,625.98,625.98,625.98,"4,579.38",290.81,290.81,59.17,522.3,522.3,522.3,522.3,522.3,522.3,522.3,522.3,522.3,522.3,602.55,602.55,185.72,185.72,185.72,521.35,"1,692.48","1,692.48",290.81,290.81,294.64,294.64,81.21,268.9,612.74,612.74
2045,"2,096.13","2,096.13",68.31,110.08,"1,840.72","1,840.72",562.38,548.99,548.99,548.99,562.38,562.38,562.38,562.38,562.38,562.38,562.38,548.99,298.08,298.08,"1,237.66","1,237.66","1,237.66","1,237.66","1,237.66","1,055.22","1,055.22",89.98,"1,055.22","1,055.22",625.98,625.98,625.98,625.98,625.98,625.98,625.98,625.98,"4,579.38",298.08,298.08,60.65,535.36,535.36,535.36,535.36,535.36,535.36,535.36,535.36,535.36,535.36,602.55,602.55,190.37,190.37,190.37,534.38,"1,692.48","1,692.48",298.08,298.08,302,302,83.24,275.62,628.06,628.06
2046,"2,096.13","2,096.13",70.02,112.84,"1,840.72","1,840.72",562.38,548.99,548.99,548.99,562.38,562.38,562.38,562.38,562.38,562.38,562.38,548.99,305.54,305.54,"1,268.60","1,268.60","1,268.60","1,268.60","1,268.60","1,055.22","1,055.22",89.98,"1,055.22","1,055.22",625.98,625.98,625.98,625.98,625.98,625.98,625.98,625.98,"4,579.38",305.54,305.54,62.17,548.74,548.74,548.74,548.74,548.74,548.74,548.74,548.74,548.74,548.74,602.55,602.55,195.13,195.13,195.13,547.74,"1,692.48","1,692.48",305.54,305.54,309.55,309.55,85.32,282.51,643.76,643.76
2047,"2,096.13","2,096.13",71.77,115.66,"1,840.72","1,840.72",562.38,548.99,548.99,548.99,562.38,562.38,562.38,562.38,562.38,562.38,562.38,548.99,313.17,313.17,"1,300.32","1,300.32","1,300.32","1,300.32","1,300.32","1,055.22","1,055.22",89.98,"1,055.22","1,055.22",625.98,625.98,625.98,625.98,625.98,625.98,625.98,625.98,"4,579.38",313.17,313.17,63.72,562.46,562.46,562.46,562.46,562.46,562.46,562.46,562.46,562.46,562.46,602.55,602.55,200,200,200,561.43,"1,692.48","1,692.48",313.17,313.17,317.29,317.29,87.46,289.58,659.86,659.86
2048,"2,096.13","2,096.13",73.56,118.55,"1,840.72","1,840.72",562.38,548.99,548.99,548.99,562.38,562.38,562.38,562.38,562.38,562.38,562.38,548.99,321,321,"1,332.82","1,332.82","1,332.82","1,332.82","1,332.82","1,055.22","1,055.22",89.98,"1,055.22","1,055.22",625.98,625.98,625.98,625.98,625.98,625.98,625.98,625.98,"4,579.38",321,321,65.32,576.52,576.52,576.52,576.52,576.52,576.52,576.52,576.52,576.52,576.52,602.55,602.55,205,205,205,575.47,"1,692.48","1,692.48",321,321,325.22,325.22,89.64,296.82,676.35,676.35
2049,"2,096.13","2,096.13",75.4,121.51,"1,840.72","1,840.72",562.38,548.99,548.99,548.99,562.38,562.38,562.38,562.38,562.38,562.38,562.38,548.99,329.03,329.03,"1,366.14","1,366.14","1,366.14","1,366.14","1,366.14","1,055.22","1,055.22",89.98,"1,055.22","1,055.22",625.98,625.98,625.98,625.98,625.98,625.98,625.98,625.98,"4,579.38",329.03,329.03,66.95,590.93,590.93,590.93,590.93,590.93,590.93,590.93,590.93,590.93,590.93,602.55,602.55,210.13,210.13,210.13,589.86,"1,692.48","1,692.48",329.03,329.03,333.35,333.35,91.88,304.24,693.26,693.26
2050,"2,096.13","2,096.13",77.29,124.55,"1,840.72","1,840.72",562.38,548.99,548.99,548.99,562.38,562.38,562.38,562.38,562.38,562.38,562.38,548.99,337.26,337.26,"1,400.30","1,400.30","1,400.30","1,400.30","1,400.30","1,055.22","1,055.22",89.98,"1,055.22","1,055.22",625.98,625.98,625.98,625.98,625.98,625.98,625.98,625.98,"4,579.38",337.26,337.26,68.62,605.71,605.71,605.71,605.71,605.71,605.71,605.71,605.71,605.71,605.71,602.55,602.55,215.38,215.38,215.38,604.6,"1,692.48","1,692.48",337.26,337.26,341.69,341.69,94.18,311.84,710.59,710.59
2051,"2,096.13","2,096.13",79.22,127.66,"1,840.72","1,840.72",562.38,548.99,548.99,548.99,562.38,562.38,562.38,562.38,562.38,562.38,562.38,548.99,345.69,345.69,"1,435.30","1,435.30","1,435.30","1,435.30","1,435.30","1,055.22","1,055.22",89.98,"1,055.22","1,055.22",625.98,625.98,625.98,625.98,625.98,625.98,625.98,625.98,"4,579.38",345.69,345.69,70.34,620.85,620.85,620.85,620.85,620.85,620.85,620.85,620.85,620.85,620.85,602.55,602.55,220.77,220.77,220.77,619.72,"1,692.48","1,692.48",345.69,345.69,350.23,350.23,96.53,319.64,728.36,728.36
2052,"2,096.13","2,096.13",81.2,130.85,"1,840.72","1,840.72",562.38,548.99,548.99,548.99,562.38,562.38,562.38,562.38,562.38,562.38,562.38,548.99,354.33,354.33,"1,471.19","1,471.19","1,471.19","1,471.19","1,471.19","1,055.22","1,055.22",89.98,"1,055.22","1,055.22",625.98,625.98,625.98,625.98,625.98,625.98,625.98,625.98,"4,579.38",354.33,354.33,72.1,636.37,636.37,636.37,636.37,636.37,636.37,636.37,636.37,636.37,636.37,602.55,602.55,226.29,226.29,226.29,635.21,"1,692.48","1,692.48",354.33,354.33,358.98,358.98,98.95,327.63,746.57,746.57
2053,"2,096.13","2,096.13",83.23,134.13,"1,840.72","1,840.72",562.38,548.99,548.99,548.99,562.38,562.38,562.38,562.38,562.38,562.38,562.38,548.99,363.19,363.19,"1,507.97","1,507.97","1,507.97","1,507.97","1,507.97","1,055.22","1,055.22",89.98,"1,055.22","1,055.22",625.98,625.98,625.98,625.98,625.98,625.98,625.98,625.98,"4,579.38",363.19,363.19,73.9,652.28,652.28,652.28,652.28,652.28,652.28,652.28,652.28,652.28,652.28,602.55,602.55,231.94,231.94,231.94,651.09,"1,692.48","1,692.48",363.19,363.19,367.96,367.96,101.42,335.82,765.23,765.23
2054,"2,096.13","2,096.13",87.44,140.92,"1,840.72","1,840.72",562.38,548.99,548.99,548.99,562.38,562.38,562.38,562.38,562.38,562.38,562.38,548.99,381.57,381.57,"1,584.31","1,584.31","1,584.31","1,584.31","1,584.31","1,055.22","1,055.22",89.98,"1,055.22","1,055.22",625.98,625.98,625.98,625.98,625.98,625.98,625.98,625.98,"4,579.38",381.57,381.57,77.64,685.3,685.3,685.3,685.3,685.3,685.3,685.3,685.3,685.3,685.3,602.55,602.55,243.69,243.69,243.69,684.05,"1,692.48","1,692.48",381.57,381.57,386.59,386.59,106.56,352.82,803.97,803.97
