Year,Cedarvale Wind Project (Agua Fria) WindNM,Eagle PumpHydro ,NM Wind FC,Solar Tranche 1 Metro,Solar Tranche 2 Metro,Solar Tranche 3 Metro,Solar Tranche 1 Pinal,Solar Tranche 2 Pinal,Solar Tranche 3 Pinal,Solar Tranche 1 Northern,Solar Tranche 2 Northern,Solar Tranche 3 Northern,Solar Tranche 1 Palo Verde,Solar Tranche 2 Palo Verde,Solar Tranche 3 Palo Verde,Solar Tranche 4 Metro,Solar Tranche 5 Metro,Solar Tranche 6 Metro,Solar Tranche 4 Pinal,Solar Tranche 5 Pinal,Solar Tranche 6 Pinal,Solar Tranche 4 Northern,Solar Tranche 5 Northern,Solar Tranche 6 Northern,Solar Tranche 4 Palo Verde,Solar Tranche 5 Palo Verde,Solar Tranche 6 Palo Verde,Solar Tranche 4,Solar Tranche 5,Solar Tranche 6,AZ Wind Tranche 1,NM Wind Tranche 4,AdvNuc Palo Verde,AdvNuc Pinal,SMR Palo Verde,SMR Pinal,NM Wind Hidalgo,Pyramid Mountain Wind (EDF Renewables),Generic PumpHydro Phase 1,Generic PumpHydro Phase 2,Updated_CCS_F,Updated_CCS_F_TL,Updated_CCS_H,Updated_CCS_H_TL,Updated_LgFrameCT,Updated_LgFrameCT_TL,New CT Palo Verde,New CT Pinal,Generic H Frame Tolls,Generic FC H Frame,Coal EXT 1,Coal EXT 2,Saguaro DS CT1,Saguaro DS CT2,Cholla 1 Repower Gas,Cholla 3 Repower Gas,New Bio Metro,New Bio Northern,Generic Bio Pinal,Generic Bio Palo Verde,New Geothermal,NM Wind Tranche 1,NM Wind Tranche 2,NM Wind Tranche 3,Newest Updated_LgFrameCT (Southline) (RETIRED),Desert Sun CCH 1,Desert Sun CCH 2,New CC Palo Verde,New CC Pinal,Generic FC LgFrameCT,BESS_6H_T1 Metro,BESS_6H_T2 Metro,BESS_6H_T3 Metro,ESS_6H_T1 Pinal,ESS_6H_T2 Pinal,ESS_6H_T3 Pinal,BESS_6H_T1 Northern,BESS_6H_T2 Northern,BESS_6H_T3 Northern,ESS_6H_T1 Palo Verde,ESS_6H_T2 Palo Verde,ESS_6H_T3 Palo Verde,BESS_8H_T1 Metro,BESS_8H_T2 Metro,BESS_8H_T3 Metro,ESS_8H_T1 Pinal,ESS_8H_T2 Pinal,ESS_8H_T3 Pinal,BESS_8H_T1 Northern,BESS_8H_T2 Northern,BESS_8H_T3 Northern,ESS_8H_T1 Palo Verde,ESS_8H_T2 Palo Verde,ESS_8H_T3 Palo Verde,CSP Metro,CSP Northern
2026,0,0,41,3,3,3,3,3,3,3,3,3,3,3,3,3,3,3,3,3,3,3,3,3,3,3,3,18,3,3,3,103,0,0,0,0,0,0,0,0,0,0,0,0,0,0,,,,,,,,,,,,,,,,,,,,,,,,,,,,,,,,,,,,,,,,,,,,,,,,,0,0
2027,0,0,42,3,3,3,3,3,3,3,3,3,3,3,3,3,3,3,3,3,3,3,3,3,3,3,3,19,3,3,3,106,0,0,0,0,0,0,0,0,0,0,0,0,0,0,,,,,,,,,,,,,,,,,,,,,,,,,,,,,,,,,,,,,,,,,,,,,,,,,0,0
2028,101,0,42,3,3,3,3,3,3,3,3,3,3,3,3,3,3,3,3,3,3,3,3,3,3,3,3,19,3,3,3,109,0,0,0,0,0,114,0,0,0,0,0,0,4,4,,,,,,,,,,,,,,,,,,,,,,,,4.088742857,,,,,,,,,,,,,,,,,,,,,,,,,0,0
2029,104,0,43,3,3,3,3,3,3,3,3,3,3,3,3,3,3,3,3,3,3,3,3,3,3,3,3,20,3,3,3,111,0,0,0,0,0,116,0,0,0,0,0,0,4,4,,,,,,,,,,,,,,,,,,,,,,,,4.181857143,,,,,,,,,,,,,,,,,,,,,,,,,0,0
2030,10.3948,0,43,11.1384,11.1384,11.1384,11.1384,11.1384,11.1384,11.1384,11.1384,11.1384,11.1384,11.1384,11.1384,11.1384,11.1384,11.1384,11.1384,11.1384,11.1384,11.1384,11.1384,11.1384,11.1384,11.1384,11.1384,11.1384,11.1384,11.1384,10.3948,10.3948,0,0,0,0,0,119,0,0,0,0,0,0,4,4,12.064,12.064,11.4608,4.3784,0.104,0.104,0,0,0,0,11.2008,11.2008,11.2008,11.2008,11.2008,10.3948,27.7836,27.7836,12.064,0,0,11.4608,11.4608,4.286142857,11.4816,11.4816,11.4816,11.4816,11.4816,11.4816,11.4816,11.4816,11.4816,11.4816,11.4816,11.4816,11.4816,11.4816,11.4816,11.4816,11.4816,11.4816,11.4816,11.4816,11.4816,11.4816,11.4816,11.4816,0,0
2031,10.6548,0,44,11.4192,11.4192,11.4192,11.4192,11.4192,11.4192,11.4192,11.4192,11.4192,11.4192,11.4192,11.4192,11.4192,11.4192,11.4192,11.4192,11.4192,11.4192,11.4192,11.4192,11.4192,11.4192,11.4192,11.4192,11.4192,11.4192,11.4192,10.6548,10.6548,0,0,0,0,0,122,0,0,4,22,4,22,4,4,12.3656,12.3656,11.7624,4.4928,0.104,0.104,16.8116,16.8116,0,0,11.4816,11.4816,11.4816,11.4816,11.4816,10.6548,28.4804,28.4804,12.3656,34.632,34.632,11.7624,11.7624,4.390428571,11.7676,11.7676,11.7676,11.7676,11.7676,11.7676,11.7676,11.7676,11.7676,11.7676,11.7676,11.7676,11.7676,11.7676,11.7676,11.7676,11.7676,11.7676,11.7676,11.7676,11.7676,11.7676,11.7676,11.7676,3.22,3.22
2032,10.92,0,45,11.7052,11.7052,11.7052,11.7052,11.7052,11.7052,11.7052,11.7052,11.7052,11.7052,11.7052,11.7052,11.7052,11.7052,11.7052,11.7052,11.7052,11.7052,11.7052,11.7052,11.7052,11.7052,11.7052,11.7052,11.7052,11.7052,11.7052,10.92,10.92,0,0,0,0,0,126,0,0,5,22,5,22,5,5,12.6724,12.6724,12.064,4.602,0.1092,0.1092,17.2328,17.2328,0,0,11.7676,11.7676,11.7676,11.7676,11.7676,10.92,29.1928,29.1928,12.6724,35.4952,35.4952,12.064,12.064,4.517485714,12.064,12.064,12.064,12.064,12.064,12.064,12.064,12.064,12.064,12.064,12.064,12.064,12.064,12.064,12.064,12.064,12.064,12.064,12.064,12.064,12.064,12.064,12.064,12.064,3.3,3.3
2033,11.1904,0,45,11.9964,11.9964,11.9964,11.9964,11.9964,11.9964,11.9964,11.9964,11.9964,11.9964,11.9964,11.9964,11.9964,11.9964,11.9964,11.9964,11.9964,11.9964,11.9964,11.9964,11.9964,11.9964,11.9964,11.9964,11.9964,11.9964,11.9964,11.1904,11.1904,0,0,0,0,0,128,0,0,5,23,5,23,5,5,12.9896,12.9896,12.3656,4.7164,0.1092,0.1092,17.6644,17.6644,0,0,12.064,12.064,12.064,12.064,12.064,11.1904,29.9208,29.9208,12.9896,36.3844,36.3844,12.3656,12.3656,4.614642857,12.3656,12.3656,12.3656,12.3656,12.3656,12.3656,12.3656,12.3656,12.3656,12.3656,12.3656,12.3656,12.3656,12.3656,12.3656,12.3656,12.3656,12.3656,12.3656,12.3656,12.3656,12.3656,12.3656,12.3656,3.39,3.39
2034,11.4712,0,46,12.298,12.298,12.298,12.298,12.298,12.298,12.298,12.298,12.298,12.298,12.298,12.298,12.298,12.298,12.298,12.298,12.298,12.298,12.298,12.298,12.298,12.298,12.298,12.298,12.298,12.298,12.298,11.4712,11.4712,0,0,0,0,0,132,126,126,5,24,5,24,5,5,13.312,13.312,12.6724,4.836,0.1144,0.1144,18.1064,18.1064,0,0,12.3656,12.3656,12.3656,12.3656,12.3656,11.4712,30.6696,30.6696,13.312,37.2944,37.2944,12.6724,12.6724,4.729357143,12.6724,12.6724,12.6724,12.6724,12.6724,12.6724,12.6724,12.6724,12.6724,12.6724,12.6724,12.6724,12.6724,12.6724,12.6724,12.6724,12.6724,12.6724,12.6724,12.6724,12.6724,12.6724,12.6724,12.6724,3.47,3.47
2035,11.7572,0,47,12.6048,12.6048,12.6048,12.6048,12.6048,12.6048,12.6048,12.6048,12.6048,12.6048,12.6048,12.6048,12.6048,12.6048,12.6048,12.6048,12.6048,12.6048,12.6048,12.6048,12.6048,12.6048,12.6048,12.6048,12.6048,12.6048,12.6048,11.7572,11.7572,0,0,12.9896,12.9896,0,135,129,129,5,24,5,24,5,5,13.6448,13.6448,12.9896,4.9556,0.1144,0.1144,18.5588,18.5588,0,0,12.6724,12.6724,12.6724,12.6724,12.6724,11.7572,31.434,31.434,13.6448,38.2252,38.2252,12.9896,12.9896,4.849285714,12.9896,12.9896,12.9896,12.9896,12.9896,12.9896,12.9896,12.9896,12.9896,12.9896,12.9896,12.9896,12.9896,12.9896,12.9896,12.9896,12.9896,12.9896,12.9896,12.9896,12.9896,12.9896,12.9896,12.9896,3.56,3.56
2036,12.0536,0,48,12.9168,12.9168,12.9168,12.9168,12.9168,12.9168,12.9168,12.9168,12.9168,12.9168,12.9168,12.9168,12.9168,12.9168,12.9168,12.9168,12.9168,12.9168,12.9168,12.9168,12.9168,12.9168,12.9168,12.9168,12.9168,12.9168,12.9168,12.0536,12.0536,13.312,13.312,13.312,13.312,0,139,133,133,5,25,5,25,5,5,13.988,13.988,13.312,5.0804,0.1196,0.1196,19.0216,19.0216,0,0,12.9896,12.9896,12.9896,12.9896,12.9896,12.0536,32.2244,32.2244,13.988,39.182,39.182,13.312,13.312,4.982828571,13.312,13.312,13.312,13.312,13.312,13.312,13.312,13.312,13.312,13.312,13.312,13.312,13.312,13.312,13.312,13.312,13.312,13.312,13.312,13.312,13.312,13.312,13.312,13.312,3.65,3.65
2037,12.3552,0,48,13.2392,13.2392,13.2392,13.2392,13.2392,13.2392,13.2392,13.2392,13.2392,13.2392,13.2392,13.2392,13.2392,13.2392,13.2392,13.2392,13.2392,13.2392,13.2392,13.2392,13.2392,13.2392,13.2392,13.2392,13.2392,13.2392,13.2392,12.3552,12.3552,13.6448,13.6448,13.6448,13.6448,0,142,136,136,5,25,5,25,5,5,14.3364,14.3364,13.6448,5.2052,0.1248,0.1248,19.4948,19.4948,0,0,13.312,13.312,13.312,13.312,13.312,12.3552,33.0304,33.0304,14.3364,40.1596,40.1596,13.6448,13.6448,5.094357143,13.6448,13.6448,13.6448,13.6448,13.6448,13.6448,13.6448,13.6448,13.6448,13.6448,13.6448,13.6448,13.6448,13.6448,13.6448,13.6448,13.6448,13.6448,13.6448,13.6448,13.6448,13.6448,13.6448,13.6448,3.74,3.74
2038,12.662,0,49,13.572,13.572,13.572,13.572,13.572,13.572,13.572,13.572,13.572,13.572,13.572,13.572,13.572,13.572,13.572,13.572,13.572,13.572,13.572,13.572,13.572,13.572,13.572,13.572,13.572,13.572,13.572,12.662,12.662,13.988,13.988,13.988,13.988,0,145,139,139,5,26,5,26,5,5,14.6952,14.6952,13.988,5.3352,0.1248,0.1248,19.9836,19.9836,0,0,13.6448,13.6448,13.6448,13.6448,13.6448,12.662,33.852,33.852,14.6952,41.1632,41.1632,13.988,13.988,5.2195,13.988,13.988,13.988,13.988,13.988,13.988,13.988,13.988,13.988,13.988,13.988,13.988,13.988,13.988,13.988,13.988,13.988,13.988,13.988,13.988,13.988,13.988,13.988,13.988,3.83,3.83
2039,12.9792,0,50,13.91,13.91,13.91,13.91,13.91,13.91,13.91,13.91,13.91,13.91,13.91,13.91,13.91,13.91,13.91,13.91,13.91,13.91,13.91,13.91,13.91,13.91,13.91,13.91,13.91,13.91,13.91,12.9792,12.9792,14.3364,14.3364,14.3364,14.3364,0,149,143,143,5,27,5,27,5,5,15.0644,15.0644,14.3364,5.4704,0.13,0.13,20.4828,20.4828,0,0,13.988,13.988,13.988,13.988,13.988,12.9792,34.6996,34.6996,15.0644,42.1928,42.1928,14.3364,14.3364,5.349857143,14.3364,14.3364,14.3364,14.3364,14.3364,14.3364,14.3364,14.3364,14.3364,14.3364,14.3364,14.3364,14.3364,14.3364,14.3364,14.3364,14.3364,14.3364,14.3364,14.3364,14.3364,14.3364,14.3364,14.3364,3.93,3.93
2040,13.3016,0,51,14.2584,14.2584,14.2584,14.2584,14.2584,14.2584,14.2584,14.2584,14.2584,14.2584,14.2584,14.2584,14.2584,14.2584,14.2584,14.2584,14.2584,14.2584,14.2584,14.2584,14.2584,14.2584,14.2584,14.2584,14.2584,14.2584,14.2584,13.3016,13.3016,14.6952,14.6952,14.6952,14.6952,0,153,147,147,6,27,6,27,6,6,15.4388,15.4388,14.6952,5.6056,0.13,0.13,20.9976,20.9976,0,0,14.3364,14.3364,14.3364,14.3364,14.3364,13.3016,35.568,35.568,15.4388,43.2484,43.2484,14.6952,14.6952,5.500457143,14.6952,14.6952,14.6952,14.6952,14.6952,14.6952,14.6952,14.6952,14.6952,14.6952,14.6952,14.6952,14.6952,14.6952,14.6952,14.6952,14.6952,14.6952,14.6952,14.6952,14.6952,14.6952,14.6952,14.6952,4.02,4.02
2041,13.6344,0,51,14.6172,14.6172,14.6172,14.6172,14.6172,14.6172,14.6172,14.6172,14.6172,14.6172,14.6172,14.6172,14.6172,14.6172,14.6172,14.6172,14.6172,14.6172,14.6172,14.6172,14.6172,14.6172,14.6172,14.6172,14.6172,14.6172,14.6172,13.6344,13.6344,15.0644,15.0644,15.0644,15.0644,0,156,150,150,6,28,6,28,6,6,15.8236,15.8236,15.0644,5.746,0.1352,0.1352,21.5228,21.5228,0,0,14.6952,14.6952,14.6952,14.6952,14.6952,13.6344,36.4572,36.4572,15.8236,44.33,44.33,15.0644,15.0644,5.621,15.0644,15.0644,15.0644,15.0644,15.0644,15.0644,15.0644,15.0644,15.0644,15.0644,15.0644,15.0644,15.0644,15.0644,15.0644,15.0644,15.0644,15.0644,15.0644,15.0644,15.0644,15.0644,15.0644,15.0644,4.13,4.13
2042,13.9776,0,52,14.9812,14.9812,14.9812,14.9812,14.9812,14.9812,14.9812,14.9812,14.9812,14.9812,14.9812,14.9812,14.9812,14.9812,14.9812,14.9812,14.9812,14.9812,14.9812,14.9812,14.9812,14.9812,14.9812,14.9812,14.9812,14.9812,14.9812,13.9776,13.9776,15.4388,15.4388,15.4388,15.4388,0,160,154,154,6,29,6,29,6,6,16.224,16.224,15.4388,5.8916,0.1404,0.1404,22.0584,22.0584,0,0,15.0644,15.0644,15.0644,15.0644,15.0644,13.9776,37.3672,37.3672,16.224,45.4376,45.4376,15.4388,15.4388,5.761785714,15.4388,15.4388,15.4388,15.4388,15.4388,15.4388,15.4388,15.4388,15.4388,15.4388,15.4388,15.4388,15.4388,15.4388,15.4388,15.4388,15.4388,15.4388,15.4388,15.4388,15.4388,15.4388,15.4388,15.4388,4.23,4.23
2043,14.326,0,53,15.3556,15.3556,15.3556,15.3556,15.3556,15.3556,15.3556,15.3556,15.3556,15.3556,15.3556,15.3556,15.3556,15.3556,15.3556,15.3556,15.3556,15.3556,15.3556,15.3556,15.3556,15.3556,15.3556,15.3556,15.3556,15.3556,15.3556,14.326,14.326,15.8236,15.8236,15.8236,15.8236,0,164,157,157,6,29,6,29,6,6,16.6296,16.6296,15.8236,6.0372,0.1404,0.1404,22.6096,22.6096,0,0,15.4388,15.4388,15.4388,15.4388,15.4388,14.326,38.3032,38.3032,16.6296,46.5712,46.5712,15.8236,15.8236,5.907785714,15.8236,15.8236,15.8236,15.8236,15.8236,15.8236,15.8236,15.8236,15.8236,15.8236,15.8236,15.8236,15.8236,15.8236,15.8236,15.8236,15.8236,15.8236,15.8236,15.8236,15.8236,15.8236,15.8236,15.8236,4.33,4.33
2044,14.6848,0,54,15.7404,15.7404,15.7404,15.7404,15.7404,15.7404,15.7404,15.7404,15.7404,15.7404,15.7404,15.7404,15.7404,15.7404,15.7404,15.7404,15.7404,15.7404,15.7404,15.7404,15.7404,15.7404,15.7404,15.7404,15.7404,15.7404,15.7404,14.6848,14.6848,16.224,16.224,16.224,16.224,0,169,162,162,6,30,6,30,6,6,17.0404,17.0404,16.224,6.188,0.1456,0.1456,23.1764,23.1764,0,0,15.8288,15.8288,15.8288,15.8288,15.8288,14.6848,39.26,39.26,17.0404,47.736,47.736,16.224,16.224,6.070371429,16.224,16.224,16.224,16.224,16.224,16.224,16.224,16.224,16.224,16.224,16.224,16.224,16.224,16.224,16.224,16.224,16.224,16.224,16.224,16.224,16.224,16.224,16.224,16.224,4.44,4.44
2045,15.054,0,54,16.1356,16.1356,16.1356,16.1356,16.1356,16.1356,16.1356,16.1356,16.1356,16.1356,16.1356,16.1356,16.1356,16.1356,16.1356,16.1356,16.1356,16.1356,16.1356,16.1356,16.1356,16.1356,16.1356,16.1356,16.1356,16.1356,16.1356,15.054,15.054,16.6296,16.6296,16.6296,16.6296,0,173,165,165,6,31,6,31,6,6,17.4668,17.4668,16.6296,6.344,0.1508,0.1508,23.7536,23.7536,0,0,16.224,16.224,16.224,16.224,16.224,15.054,40.2428,40.2428,17.4668,48.932,48.932,16.6296,16.6296,6.205,16.6296,16.6296,16.6296,16.6296,16.6296,16.6296,16.6296,16.6296,16.6296,16.6296,16.6296,16.6296,16.6296,16.6296,16.6296,16.6296,16.6296,16.6296,16.6296,16.6296,16.6296,16.6296,16.6296,16.6296,4.55,4.55
2046,15.4284,0,55,16.536,16.536,16.536,16.536,16.536,16.536,16.536,16.536,16.536,16.536,16.536,16.536,16.536,16.536,16.536,16.536,16.536,16.536,16.536,16.536,16.536,16.536,16.536,16.536,16.536,16.536,16.536,15.4284,15.4284,17.0404,17.0404,17.0404,17.0404,0,177,169,169,6,32,6,32,6,6,17.9036,17.9036,17.0404,6.5052,0.1508,0.1508,24.3464,24.3464,0,0,16.6296,16.6296,16.6296,16.6296,16.6296,15.4284,41.2464,41.2464,17.9036,50.154,50.154,17.0404,17.0404,6.361428571,17.0404,17.0404,17.0404,17.0404,17.0404,17.0404,17.0404,17.0404,17.0404,17.0404,17.0404,17.0404,17.0404,17.0404,17.0404,17.0404,17.0404,17.0404,17.0404,17.0404,17.0404,17.0404,17.0404,17.0404,0,0
2047,15.8132,0,56,16.952,16.952,16.952,16.952,16.952,16.952,16.952,16.952,16.952,16.952,16.952,16.952,16.952,16.952,16.952,16.952,16.952,16.952,16.952,16.952,16.952,16.952,16.952,16.952,16.952,16.952,16.952,15.8132,15.8132,17.4668,17.4668,17.4668,17.4668,0,181,174,174,7,32,7,32,7,7,18.3508,18.3508,17.4668,6.6664,0.156,0.156,24.96,24.96,0,0,17.0456,17.0456,17.0456,17.0456,17.0456,15.8132,42.276,42.276,18.3508,51.4072,51.4072,17.4668,17.4668,6.523071429,17.4668,17.4668,17.4668,17.4668,17.4668,17.4668,17.4668,17.4668,17.4668,17.4668,17.4668,17.4668,17.4668,17.4668,17.4668,17.4668,17.4668,17.4668,17.4668,17.4668,17.4668,17.4668,17.4668,17.4668,0,0
2048,16.2084,0,57,17.3732,17.3732,17.3732,17.3732,17.3732,17.3732,17.3732,17.3732,17.3732,17.3732,17.3732,17.3732,17.3732,17.3732,17.3732,17.3732,17.3732,17.3732,17.3732,17.3732,17.3732,17.3732,17.3732,17.3732,17.3732,17.3732,17.3732,16.2084,16.2084,17.9036,17.9036,17.9036,17.9036,0,186,179,179,7,33,7,33,7,7,18.8136,18.8136,17.9036,6.8328,0.1612,0.1612,25.5788,25.5788,0,0,17.472,17.472,17.472,17.472,17.472,16.2084,43.3368,43.3368,18.8136,52.6916,52.6916,17.9036,17.9036,6.703028571,17.9036,17.9036,17.9036,17.9036,17.9036,17.9036,17.9036,17.9036,17.9036,17.9036,17.9036,17.9036,17.9036,17.9036,17.9036,17.9036,17.9036,17.9036,17.9036,17.9036,17.9036,17.9036,17.9036,17.9036,0,0
2049,16.614,0,58,17.81,17.81,17.81,17.81,17.81,17.81,17.81,17.81,17.81,17.81,17.81,17.81,17.81,17.81,17.81,17.81,17.81,17.81,17.81,17.81,17.81,17.81,17.81,17.81,17.81,17.81,17.81,16.614,16.614,18.3508,18.3508,18.3508,18.3508,0,191,182,182,7,34,7,34,7,7,19.2816,19.2816,18.3508,6.9368,0.1664,0.1664,26.2184,26.2184,0,0,17.9088,17.9088,17.9088,17.9088,17.9088,16.614,44.4184,44.4184,19.2816,54.0124,54.0124,18.3508,18.3508,6.851571429,18.3508,18.3508,18.3508,18.3508,18.3508,18.3508,18.3508,18.3508,18.3508,18.3508,18.3508,18.3508,18.3508,18.3508,18.3508,18.3508,18.3508,18.3508,18.3508,18.3508,18.3508,18.3508,18.3508,18.3508,0,0
2050,17.03,0,58,18.252,18.252,18.252,18.252,18.252,18.252,18.252,18.252,18.252,18.252,18.252,18.252,18.252,18.252,18.252,18.252,18.252,18.252,18.252,18.252,18.252,18.252,18.252,18.252,18.252,18.252,18.252,17.03,17.03,18.8136,18.8136,18.8136,18.8136,0,195,187,187,7,35,7,35,7,7,7.0044,7.0044,18.8136,0,0,0,26.8788,26.8788,0,0,18.356,18.356,18.356,18.356,18.356,17.03,45.5312,45.5312,7.0044,55.3592,55.3592,18.8136,18.8136,7.023642857,18.8136,18.8136,18.8136,18.8136,18.8136,18.8136,18.8136,18.8136,18.8136,18.8136,18.8136,18.8136,18.8136,18.8136,18.8136,18.8136,18.8136,18.8136,18.8136,18.8136,18.8136,18.8136,18.8136,18.8136,0,0
,,,,,,,,,,,,,,,,,,,,,,,,,,,,,,,,,,,,,,,,,,,,,,,,,,,,,,,,,,,,,,,,,,,,,,,,,,,,,,,,,,,,,,,,,,,,,,,,
,,,,,,,,,,,,,,,,,,,,,,,,,,,,,,,,,,,,,,,,,,,,,,,,,12.064,12.6724,12.9896,13.312,13.6448,13.988,14.3364,14.6952,15.0644,15.0644,15.0644,15.0644,15.8236,16.6296,17.0404,17.4668,18.8136,,,,,,,,,,,,,,,,,,,,,,,,,,,,,,,
,,,,,,,,,,,,,,,,,,,,,,,,,,,,,,,,,,,,,,,,,,,,,,,,,,,,,,,,,,,,,,,,,,,,,,,,,,,,,,,,,,,,,,,,,,,,,,,,
,,,,,,,,,,,,,,,,,,,,,,,,,,,,,,,,,,,,,,,,,,,,,,,,,,,,,,,,,,,,,,,,,,,,,,,,,,,,,,,,,,,,,,,,,,,,,,,,
,,,,,,,,,,,,,,,,,,,,,,,,,,,,,,,,,,,,,,,,,,,,,,,,,,,,,,,,,28.5948,28.5948,28.5948,28.5948,30.0404,31.564,32.3492,33.1604,35.7084,36.6028,37.518,38.454,38.454,39.416,40.3988,41.4128,42.4476,40.3988,41.4128,42.4476,43.5084,44.5952,45.708,43.5084,44.5952,45.708,40.3988,41.4128,42.4476,40.3988,41.4128,42.4476,43.5084,44.5952,45.708,43.5084,44.5952,45.708,,
