Year,Cholla 1 Repower Gas,Cholla 3 Repower Gas,Coal EXT 1,Coal EXT 2,Desert Sun CCH 1,Desert Sun CCH 2,Saguaro DS CT1,Saguaro DS CT2,Eagle PumpHydro ,Generic AdvNuc,AdvNuc Palo Verde,AdvNuc Pinal,New Bio Metro,New Bio Northern,Generic Bio Pinal,Generic Bio Palo Verde,Generic FC H Frame,Generic FC LgFrameCT,New Geothermal,New CC Palo Verde,New CC Pinal,Generic H Frame Tolls,Generic LgFrameCT  Palo Verde,New CT Pinal,SMR Pinal,SMR Palo Verde,NM Wind FC,NM Wind Hidalgo,NM Wind Tranche 1,NM Wind Tranche 2,NM Wind Tranche 3,Solar Tranche 1 Metro,Solar Tranche 2 Metro,Solar Tranche 3 Metro,Solar Tranche 1 Pinal,Solar Tranche 2 Pinal,Solar Tranche 3 Pinal,Solar Tranche 1 Northern,Solar Tranche 2 Northern,Solar Tranche 3 Northern,Solar Tranche 1 Palo Verde,Solar Tranche 2 Palo Verde,Solar Tranche 3 Palo Verde,Solar Tranche 4 Metro,Solar Tranche 5 Metro,Solar Tranche 6 Metro,Solar Tranche 4 Pinal,Solar Tranche 5 Pinal,Solar Tranche 6 Pinal,Solar Tranche 4 Northern,Solar Tranche 5 Northern,Solar Tranche 6 Northern,Solar Tranche 4 Palo Verde,Solar Tranche 5 Palo Verde,Solar Tranche 6 Palo Verde,Solar Tranche 4,Solar Tranche 5,Solar Tranche 6,Generic PumpHydro Phase 1,Generic PumpHydro Phase 2
2026,9.84,9.84,5.24,5.24,6.021323077,6.021323077,2.829,2.829,0,0,0,0,0,0,0,0,6.021323077,2.829,0,6.021323077,6.021323077,6.02,2.829,2.829,0,0,0,0,0,0,0,0,0,0,0,0,0,0,0,0,0,0,0,0,0,0,0,0,0,0,0,0,0,0,0,0,0,0,0,0
2027,10.09,10.09,5.37,5.37,6.124012308,6.124012308,2.8997,2.8997,0,0,0,0,0,0,0,0,6.124012308,2.8997,0,6.124012308,6.124012308,6.12,2.8997,2.8997,0,0,0,0,0,0,0,0,0,0,0,0,0,0,0,0,0,0,0,0,0,0,0,0,0,0,0,0,0,0,0,0,0,0,0,0
2028,10.34,10.34,5.51,5.51,6.228072673,6.228072673,2.9722,2.9722,0,0,0,0,0,0,0,0,6.228072673,2.9722,0,6.228072673,6.228072673,6.23,2.9722,2.9722,0,0,0,0,0,0,0,0,0,0,0,0,0,0,0,0,0,0,0,0,0,0,0,0,0,0,0,0,0,0,0,0,0,0,0,0
2029,10.6,10.6,5.65,5.65,6.333508549,6.333508549,3.0465,3.0465,0,0,0,0,7.243405226,7.243405226,7.243405226,7.243405226,6.333508549,3.0465,1.47427,6.333508549,6.333508549,6.33,3.0465,3.0465,0,0,0,0,0,0,0,0,0,0,0,0,0,0,0,0,0,0,0,0,0,0,0,0,0,0,0,0,0,0,0,0,0,0,0,0
2030,10.86,10.86,5.79,5.79,6.45749787,6.45749787,3.1227,3.1227,0,0,0,0,7.424490356,7.424490356,7.424490356,7.424490356,6.45749787,3.1227,1.51112,6.45749787,6.45749787,6.46,3.1227,3.1227,0,0,0,52.6,0,0,0,0,0,0,0,0,0,0,0,0,0,0,0,0,0,0,0,0,0,0,0,0,0,0,0,0,0,0,0,0
2031,11.13,11.13,5.93,5.93,6.566124662,6.566124662,3.2008,3.2008,0,0,0,0,7.610102615,7.610102615,7.610102615,7.610102615,6.566124662,3.2008,1.5489,6.566124662,6.566124662,6.57,3.2008,3.2008,0,0,0,52.6,0,0,0,0,0,0,0,0,0,0,0,0,0,0,0,0,0,0,0,0,0,0,0,0,0,0,0,0,0,0,0,0
2032,11.41,11.41,6.08,6.08,6.676146859,6.676146859,3.2808,3.2808,0.689255522,0,0,0,7.800355181,7.800355181,7.800355181,7.800355181,6.676146859,3.2808,1.58762,6.676146859,6.676146859,6.68,3.2808,3.2808,0,0,0,52.6,0,0,0,0,0,0,0,0,0,0,0,0,0,0,0,0,0,0,0,0,0,0,0,0,0,0,0,0,0,0,0.689255522,0.689255522
2033,11.7,11.7,6.23,6.23,6.787566337,6.787566337,3.3628,3.3628,0.70648691,0,0,0,7.99536406,7.99536406,7.99536406,7.99536406,6.787566337,3.3628,1.62732,6.787566337,6.787566337,6.79,3.3628,3.3628,0,0,0,52.6,0,0,0,0,0,0,0,0,0,0,0,0,0,0,0,0,0,0,0,0,0,0,0,0,0,0,0,0,0,0,0.70648691,0.70648691
2034,11.99,11.99,6.39,6.39,6.900384197,6.900384197,3.4469,3.4469,0.724149083,0,0,0,8.195248162,8.195248162,8.195248162,8.195248162,6.900384197,3.4469,1.668,6.900384197,6.900384197,6.9,3.4469,3.4469,0,0,0,52.6,0,0,0,0,0,0,0,0,0,0,0,0,0,0,0,0,0,0,0,0,0,0,0,0,0,0,0,0,0,0,0.724149083,0.724149083
2035,12.29,12.29,6.55,6.55,7.014600721,7.014600721,3.5331,3.5331,0.74225281,0,0,0,8.400129366,8.400129366,8.400129366,8.400129366,7.014600721,3.5331,1.7097,7.014600721,7.014600721,7.01,3.5331,3.5331,0,0,0,52.6,0,0,0,0,0,0,0,0,0,0,0,0,0,0,0,0,0,0,0,0,0,0,0,0,0,0,0,0,0,0,0.74225281,0.74225281
2036,12.6,12.6,6.71,6.71,7.150132134,7.150132134,3.6214,3.6214,0.760809131,4.215995963,4.215995963,4.215995963,8.6101326,8.6101326,8.6101326,8.6101326,7.150132134,3.6214,1.75244,7.150132134,7.150132134,7.15,3.6214,3.6214,5.344220234,5.344220234,0,52.6,0,0,0,0,0,0,0,0,0,0,0,0,0,0,0,0,0,0,0,0,0,0,0,0,0,0,0,0,0,0,0.760809131,0.760809131
2037,12.91,12.91,6.88,6.88,7.267641269,7.267641269,3.7119,3.7119,0.779829359,4.321395862,4.321395862,4.321395862,8.825385915,8.825385915,8.825385915,8.825385915,7.267641269,3.7119,1.79625,7.267641269,7.267641269,7.27,3.7119,3.7119,5.47782574,5.47782574,0,52.6,0,0,0,0,0,0,0,0,0,0,0,0,0,0,0,0,0,0,0,0,0,0,0,0,0,0,0,0,0,0,0.779829359,0.779829359
2038,13.23,13.23,7.05,7.05,7.386557028,7.386557028,3.8047,3.8047,0.799325093,4.429430758,4.429430758,4.429430758,9.046020563,9.046020563,9.046020563,9.046020563,7.386557028,3.8047,1.84116,7.386557028,7.386557028,7.39,3.8047,3.8047,5.614771384,5.614771384,0,52.6,0,0,0,0,0,0,0,0,0,0,0,0,0,0,0,0,0,0,0,0,0,0,0,0,0,0,0,0,0,0,0.799325093,0.799325093
2039,13.56,13.56,7.23,7.23,7.528324518,7.528324518,3.8998,3.8998,0.81930822,4.540166527,4.540166527,4.540166527,9.272171077,9.272171077,9.272171077,9.272171077,7.528324518,3.8998,1.88719,7.528324518,7.528324518,7.53,3.8998,3.8998,5.755140668,5.755140668,0,52.6,0,0,0,0,0,0,0,0,0,0,0,0,0,0,0,0,0,0,0,0,0,0,0,0,0,0,0,0,0,0,0.81930822,0.81930822
2040,13.9,13.9,7.41,7.41,7.650579361,7.650579361,3.9973,3.9973,0.839790926,4.65367069,4.65367069,4.65367069,9.503975354,9.503975354,9.503975354,9.503975354,7.650579361,3.9973,1.93437,7.650579361,7.650579361,7.65,3.9973,3.9973,5.899019185,5.899019185,0,52.6,0,0,0,0,0,0,0,0,0,0,0,0,0,0,0,0,0,0,0,0,0,0,0,0,0,0,0,0,0,0,0.839790926,0.839790926
2041,14.25,14.25,7.59,7.59,7.774241743,7.774241743,4.0972,4.0972,0.860785699,4.770012458,4.770012458,4.770012458,9.741574738,9.741574738,9.741574738,9.741574738,7.774241743,4.0972,1.98273,7.774241743,7.774241743,7.77,4.0972,4.0972,6.046494665,6.046494665,0,52.6,0,0,0,0,0,0,0,0,0,0,0,0,0,0,0,0,0,0,0,0,0,0,0,0,0,0,0,0,0,0,0.860785699,0.860785699
2042,14.61,14.61,7.78,7.78,7.899305632,7.899305632,4.1996,4.1996,0.882305341,4.889262769,4.889262769,4.889262769,9.985114106,9.985114106,9.985114106,9.985114106,7.899305632,4.1996,2.03229,7.899305632,7.899305632,7.9,4.1996,4.1996,6.197657031,6.197657031,0,52.6,0,0,0,0,0,0,0,0,0,0,0,0,0,0,0,0,0,0,0,0,0,0,0,0,0,0,0,0,0,0,0.882305341,0.882305341
2043,14.97,14.97,7.98,7.98,8.049438633,8.049438633,4.3046,4.3046,0.904362975,5.011494338,5.011494338,5.011494338,10.23474196,10.23474196,10.23474196,10.23474196,8.049438633,4.3046,2.08309,8.049438633,8.049438633,8.05,4.3046,4.3046,6.352598457,6.352598457,0,52.6,0,0,0,0,0,0,0,0,0,0,0,0,0,0,0,0,0,0,0,0,0,0,0,0,0,0,0,0,0,0,0.904362975,0.904362975
2044,15.35,15.35,8.18,8.18,8.177874529,8.177874529,4.4122,4.4122,0.926972049,5.136781697,5.136781697,5.136781697,10.49061051,10.49061051,10.49061051,10.49061051,8.177874529,4.4122,2.13517,8.177874529,8.177874529,8.18,4.4122,4.4122,6.511413418,6.511413418,0,52.6,0,0,0,0,0,0,0,0,0,0,0,0,0,0,0,0,0,0,0,0,0,0,0,0,0,0,0,0,0,0,0.926972049,0.926972049
2045,15.73,15.73,8.38,8.38,8.307701321,8.307701321,4.5225,4.5225,0.95014635,5.265201239,5.265201239,5.265201239,10.75287577,10.75287577,10.75287577,10.75287577,8.307701321,4.5225,2.13517,8.307701321,8.307701321,8.31,4.5225,4.5225,6.674198754,6.674198754,0,52.6,0,0,0,0,0,0,0,0,0,0,0,0,0,0,0,0,0,0,0,0,0,0,0,0,0,0,0,0,0,0,0.95014635,0.95014635
2046,16.12,16.12,8.13,8.13,8.464403471,8.464403471,4.6356,4.6356,0.973900009,5.39683127,5.39683127,5.39683127,11.02169766,11.02169766,11.02169766,11.02169766,8.464403471,4.6356,2.13517,8.464403471,8.464403471,8.46,4.6356,4.6356,6.841053723,6.841053723,0,52.6,0,0,0,0,0,0,0,0,0,0,0,0,0,0,0,0,0,0,0,0,0,0,0,0,0,0,0,0,0,0,0.973900009,0.973900009
2047,16.53,16.53,8.13,8.13,8.597615845,8.597615845,4.7515,4.7515,0.998247509,5.531752052,5.531752052,5.531752052,11.29724011,11.29724011,11.29724011,11.29724011,8.597615845,4.7515,2.13517,8.597615845,8.597615845,8.6,4.7515,4.7515,7.012080066,7.012080066,0,52.6,0,0,0,0,0,0,0,0,0,0,0,0,0,0,0,0,0,0,0,0,0,0,0,0,0,0,0,0,0,0,0.998247509,0.998247509
2048,16.94,16.94,8.13,8.13,8.732198586,8.732198586,4.8703,4.8703,1.023203697,5.670045853,5.670045853,5.670045853,11.57967111,11.57967111,11.57967111,11.57967111,8.732198586,4.8703,2.13517,8.732198586,8.732198586,8.73,4.8703,4.8703,7.187382068,7.187382068,0,52.6,0,0,0,0,0,0,0,0,0,0,0,0,0,0,0,0,0,0,0,0,0,0,0,0,0,0,0,0,0,0,1.023203697,1.023203697
2049,17.36,17.36,8.13,8.13,8.868136953,8.868136953,4.9921,4.9921,1.04878379,5.811797,5.811797,5.811796999,11.86916289,11.86916289,11.86916289,11.86916289,8.868136953,4.9921,2.13517,8.868136953,8.868136953,8.87,4.9921,4.9921,7.367066619,7.367066619,0,52.6,0,0,0,0,0,0,0,0,0,0,0,0,0,0,0,0,0,0,0,0,0,0,0,0,0,0,0,0,0,0,1.04878379,1.04878379
2050,17.8,17.8,8.13,8.13,9.033556536,9.033556536,5.1169,5.1169,1.075003384,5.957091925,5.957091925,5.957091924,12.16589196,12.16589196,12.16589196,12.16589196,9.033556536,5.1169,2.13517,9.033556536,9.033556536,9.03,5.1169,5.1169,7.551243285,7.551243285,0,52.6,0,0,0,0,0,0,0,0,0,0,0,0,0,0,0,0,0,0,0,0,0,0,0,0,0,0,0,0,0,0,1.075003384,1.075003384
2051,7.69,6.94,8.13,8.13,0,0,5.2448,5.2448,1.101878469,6.106019223,6.106019223,6.106019222,12.47003926,12.47003926,12.47003926,12.47003926,0,5.2448,2.18854925,0,0,0,5.2448,5.2448,7.740024367,7.740024367,0,53.915,0,0,0,0,0,0,0,0,0,0,0,0,0,0,0,0,0,0,0,0,0,0,0,0,0,0,0,0,0,0,1.101878469,1.101878469
2052,7.69,6.94,8.13,8.13,0,0,5.3759,5.3759,1.12942543,6.258669704,6.258669704,6.258669703,12.78179024,12.78179024,12.78179024,12.78179024,0,5.3759,2.243262981,0,0,0,5.3759,5.3759,7.933524976,7.933524976,0,55.262875,0,0,0,0,0,0,0,0,0,0,0,0,0,0,0,0,0,0,0,0,0,0,0,0,0,0,0,0,0,0,1.12942543,1.12942543
2053,7.69,6.94,8.13,8.13,0,0,5.5103,5.5103,1.157661066,6.415136446,6.415136446,6.415136445,13.101335,13.101335,13.101335,13.101335,0,5.5103,2.299344556,0,0,0,5.5103,5.5103,8.131863101,8.131863101,0,56.64444688,0,0,0,0,0,0,0,0,0,0,0,0,0,0,0,0,0,0,0,0,0,0,0,0,0,0,0,0,0,0,1.157661066,1.157661066
2054,7.69,6.94,8.13,8.13,0,0,5.6481,5.6481,1.186602593,6.575514857,6.575514857,6.575514856,13.42886837,13.42886837,13.42886837,13.42886837,0,5.6481,2.35682817,0,0,0,5.6481,5.6481,8.335159678,8.335159678,0,58.06055805,0,0,0,0,0,0,0,0,0,0,0,0,0,0,0,0,0,0,0,0,0,0,0,0,0,0,0,0,0,0,1.186602593,1.186602593
