Year,Cedarvale Wind Project (Agua Fria) WindNM,Eagle PumpHydro ,NM Wind FC,Solar Tranche 1 Metro,Solar Tranche 2 Metro,Solar Tranche 3 Metro,Solar Tranche 1 Pinal,Solar Tranche 2 Pinal,Solar Tranche 3 Pinal,Solar Tranche 4,Solar Tranche 5,Solar Tranche 6,Solar Tranche 1 Metro,Solar Tranche 2 Metro,Solar Tranche 3 Metro,Solar Tranche 1 Pinal,Solar Tranche 2 Pinal,Solar Tranche 3 Pinal,Solar Tranche 1 Northern,Solar Tranche 2 Northern,Solar Tranche 3 Northern,Solar Tranche 1 Palo Verde,Solar Tranche 2 Palo Verde,Solar Tranche 3 Palo Verde,SMR Palo Verde,SMR Pinal,NM Wind Hidalgo,Pyramid Mountain Wind (EDF Renewables),Generic PumpHydro Phase 1,Generic PumpHydro Phase 2,Updated_CCS_F,Updated_CCS_F_TL,Updated_CCS_H,Updated_CCS_H_TL,Updated_LgFrameCT,Updated_LgFrameCT_TL,NewSRP-PH,Generic LgFrameCT  Palo Verde,New CT Pinal,Generic LgFrameCT TL,Generic H Frame Tolls,Generic H Frame TL,Generic FC H Frame,Coal EXT 1,Coal EXT 2,Saguaro DS CT1,Saguaro DS CT2,Cholla 1 Repower Gas,Cholla 3 Repower Gas,New Bio Metro,New Bio Northern,Generic Bio TL,New Geothermal,Generic Geo TL,NM Wind Tranche 1,NM Wind Tranche 2,NM Wind Tranche 3,Generic SMR TL,Generic AdvNuc TL,Newest Updated_LgFrameCT (Southline) (RETIRED),Desert Sun CCH 1,Desert Sun CCH 2,Generic H Frame,Generic FC LgFrameCT,BESS_6H_T1 Metro,BESS_6H_T2 Metro,BESS_6H_T3 Metro,ESS_6H_T1 Pinal,ESS_6H_T2 Pinal,ESS_6H_T3 Pinal,BESS_6H_T1 Northern,BESS_6H_T2 Northern,BESS_6H_T3 Northern,ESS_6H_T1 Palo Verde,ESS_6H_T2 Palo Verde,ESS_6H_T3 Palo Verde,BESS_8H_T1 Metro,BESS_8H_T2 Metro,BESS_8H_T3 Metro,ESS_8H_T1 Pinal,ESS_8H_T2 Pinal,ESS_8H_T3 Pinal,BESS_8H_T1 Northern,BESS_8H_T2 Northern,BESS_8H_T3 Northern,ESS_8H_T1 Palo Verde,ESS_8H_T2 Palo Verde,ESS_8H_T3 Palo Verde
2026,0,0,47,20,20,20,20,20,20,20,20,20,20,20,20,20,20,20,20,20,20,47,47,0,0,0,0,0,0,0,0,0,0,0,0,0,0,,,,,,,161.9228,161.9228,,,,,,,,,,,,,,,,,,,,,,,,,,,,,,,,,,,,,,,,,,,
2027,0,0,48,21,21,21,21,21,21,21,21,21,21,21,21,21,21,21,21,21,21,48,48,0,0,0,0,0,0,0,0,0,0,0,0,0,0,,,,,,,164.49264,164.49264,,,,,,,,,,,,,,,,,,,,,,,,,,,,,,,,,,,,,,,,,,,
2028,0,0,49,22,22,22,22,22,22,22,22,22,22,22,22,22,22,22,22,22,22,49,49,0,0,0,0,0,0,0,0,0,0,0,28,28,0,,,,,,,167.3178,167.3178,,,,,,,,,,,,,,,,,,,,,,,,,,,,,,,,,,,,,,,,,,,
2029,0,0,50,22,22,22,22,22,22,22,22,22,22,22,22,22,22,22,22,22,22,50,50,0,0,0,0,0,0,0,0,0,0,0,28,28,0,,,,,,,173.23332,173.23332,,,,,,,,,,,,,,,,,,,,,,,,,,,,,,,,,,,,,,,,,,,
2030,0,0,35.6564,21.918,21.918,21.918,21.918,21.918,21.918,21.918,21.918,21.918,21.918,21.918,21.918,21.918,21.918,21.918,21.918,21.918,21.918,35.6564,35.6564,0,0,0,35.6564,0,0,0,0,0,0,0,29,29,0,56.9348,56.9348,56.9348,,,,179.14832,179.14832,,,,,310.46,310.46,310.46,175.5104,175.5104,35.6564,35.6564,35.6564,,,56.9348,,,,65.9048,54.236,54.236,54.236,54.236,54.236,54.236,69.2068,69.2068,69.2068,69.2068,69.2068,69.2068,54.236,54.236,54.236,54.236,54.236,54.236,69.2068,69.2068,69.2068,69.2068,69.2068,69.2068
2031,0,0,36.5456,22.4692,22.4692,22.4692,22.4692,22.4692,22.4692,22.4692,22.4692,22.4692,22.4692,22.4692,22.4692,22.4692,22.4692,22.4692,22.4692,22.4692,22.4692,36.5456,36.5456,0,0,0,36.5456,0,0,0,68,68,58,58,30,30,0,58.3544,58.3544,58.3544,94.1564,94.1564,,146.01496,146.01496,57.8916,57.8916,39.0572,39.0572,318.22,318.22,318.22,179.8992,179.8992,36.5456,36.5456,36.5456,,,58.3544,94.1564,94.1564,94.1564,67.5532,55.5932,55.5932,55.5932,55.5932,55.5932,55.5932,70.9384,70.9384,70.9384,70.9384,70.9384,70.9384,55.5932,55.5932,55.5932,55.5932,55.5932,55.5932,70.9384,70.9384,70.9384,70.9384,70.9384,70.9384
2032,0,0,37.4608,23.0308,23.0308,23.0308,23.0308,23.0308,23.0308,23.0308,23.0308,23.0308,23.0308,23.0308,23.0308,23.0308,23.0308,23.0308,23.0308,23.0308,23.0308,37.4608,37.4608,0,0,0,37.4608,0,0,0,70,70,60,60,31,31,0,59.8156,59.8156,59.8156,94.1564,94.1564,75.6132,187.5588,187.5588,59.3372,59.3372,40.0348,40.0348,326.18,326.18,326.18,184.3972,184.3972,37.4608,37.4608,37.4608,,,59.8156,94.1564,94.1564,94.1564,69.2432,56.9816,56.9816,56.9816,56.9816,56.9816,56.9816,72.7116,72.7116,72.7116,72.7116,72.7116,72.7116,56.9816,56.9816,56.9816,56.9816,56.9816,56.9816,72.7116,72.7116,72.7116,72.7116,72.7116,72.7116
2033,0,0,38.3968,23.6028,23.6028,23.6028,23.6028,23.6028,23.6028,23.6028,23.6028,23.6028,23.6028,23.6028,23.6028,23.6028,23.6028,23.6028,23.6028,23.6028,23.6028,38.3968,38.3968,0,0,0,38.3968,0,0,0,71,71,61,61,31,31,0,61.3132,61.3132,61.3132,96.5068,96.5068,77.5008,192.2492,192.2492,60.8192,60.8192,41.0384,41.0384,334.33,334.33,334.33,189.0096,189.0096,38.3968,38.3968,38.3968,,,61.3132,96.5068,96.5068,96.5068,70.9748,58.4064,58.4064,58.4064,58.4064,58.4064,58.4064,74.5316,74.5316,74.5316,74.5316,74.5316,74.5316,58.4064,58.4064,58.4064,58.4064,58.4064,58.4064,74.5316,74.5316,74.5316,74.5316,74.5316,74.5316
2034,0,25,39.3588,24.1956,24.1956,24.1956,24.1956,24.1956,24.1956,24.1956,24.1956,24.1956,24.1956,24.1956,24.1956,24.1956,24.1956,24.1956,24.1956,24.1956,24.1956,39.3588,39.3588,0,0,0,39.3588,0,25,25,73,73,63,63,32,32,27.0972,62.842,62.842,62.842,98.9196,98.9196,79.4404,197.054,197.054,62.3428,62.3428,42.0628,42.0628,342.69,342.69,342.69,193.7312,193.7312,39.3588,39.3588,39.3588,,,62.842,98.9196,98.9196,98.9196,72.748,59.8676,59.8676,59.8676,59.8676,59.8676,59.8676,76.3932,76.3932,76.3932,76.3932,76.3932,76.3932,59.8676,59.8676,59.8676,59.8676,59.8676,59.8676,76.3932,76.3932,76.3932,76.3932,76.3932,76.3932
2035,0,26,40.3416,24.7988,24.7988,24.7988,24.7988,24.7988,24.7988,24.7988,24.7988,24.7988,24.7988,24.7988,24.7988,24.7988,24.7988,24.7988,24.7988,24.7988,24.7988,40.3416,40.3416,247.2704,187.4756,187.4756,40.3416,0,26,26,75,75,64,64,33,33,27.7784,64.4176,64.4176,64.4176,101.3948,101.3948,81.4268,201.9836,201.9836,63.8976,63.8976,43.1132,43.1132,351.26,351.26,351.26,198.5776,198.5776,40.3416,40.3416,40.3416,187.4756,247.2704,64.4176,101.3948,101.3948,101.3948,74.568,61.3652,61.3652,61.3652,61.3652,61.3652,61.3652,78.3016,78.3016,78.3016,78.3016,78.3016,78.3016,61.3652,61.3652,61.3652,61.3652,61.3652,61.3652,78.3016,78.3016,78.3016,78.3016,78.3016,78.3016
2036,0,27,41.3504,25.4228,25.4228,25.4228,25.4228,25.4228,25.4228,25.4228,25.4228,25.4228,25.4228,25.4228,25.4228,25.4228,25.4228,25.4228,25.4228,25.4228,25.4228,41.3504,41.3504,253.4532,192.166,192.166,41.3504,0,27,27,77,77,66,66,34,34,28.47,66.0244,66.0244,66.0244,103.9272,103.9272,83.46,207.0328,207.0328,65.4992,65.4992,44.1896,44.1896,360.04,360.04,360.04,203.5384,203.5384,41.3504,41.3504,41.3504,192.166,253.4532,66.0244,103.9272,103.9272,103.9272,76.4296,62.8992,62.8992,62.8992,62.8992,62.8992,62.8992,80.262,80.262,80.262,80.262,80.262,80.262,62.8992,62.8992,62.8992,62.8992,62.8992,62.8992,80.262,80.262,80.262,80.262,80.262,80.262
2037,0,27,42.3852,26.0572,26.0572,26.0572,26.0572,26.0572,26.0572,26.0572,26.0572,26.0572,26.0572,26.0572,26.0572,26.0572,26.0572,26.0572,26.0572,26.0572,26.0572,42.3852,42.3852,259.7868,196.9708,196.9708,42.3852,0,27,27,79,79,68,68,35,35,29.1824,67.678,67.678,67.678,106.5272,106.5272,85.5452,212.2068,212.2068,67.1372,67.1372,45.2972,45.2972,369.04,369.04,369.04,208.6292,208.6292,42.3852,42.3852,42.3852,196.9708,259.7868,67.678,106.5272,106.5272,106.5272,78.338,64.4696,64.4696,64.4696,64.4696,64.4696,64.4696,82.264,82.264,82.264,82.264,82.264,82.264,64.4696,64.4696,64.4696,64.4696,64.4696,64.4696,82.264,82.264,82.264,82.264,82.264,82.264
2038,0,28,43.4408,26.7072,26.7072,26.7072,26.7072,26.7072,26.7072,26.7072,26.7072,26.7072,26.7072,26.7072,26.7072,26.7072,26.7072,26.7072,26.7072,26.7072,26.7072,43.4408,43.4408,266.2816,201.8952,201.8952,43.4408,0,28,28,81,81,69,69,35,35,29.9104,69.368,69.368,69.368,109.1896,109.1896,87.6876,217.5108,217.5108,68.8116,68.8116,46.4308,46.4308,378.27,378.27,378.27,213.8448,213.8448,43.4408,43.4408,43.4408,201.8952,266.2816,69.368,109.1896,109.1896,109.1896,80.2984,66.0816,66.0816,66.0816,66.0816,66.0816,66.0816,84.3232,84.3232,84.3232,84.3232,84.3232,84.3232,66.0816,66.0816,66.0816,66.0816,66.0816,66.0816,84.3232,84.3232,84.3232,84.3232,84.3232,84.3232
2039,0,29,44.5276,27.3728,27.3728,27.3728,27.3728,27.3728,27.3728,27.3728,27.3728,27.3728,27.3728,27.3728,27.3728,27.3728,27.3728,27.3728,27.3728,27.3728,27.3728,44.5276,44.5276,272.9428,206.9392,206.9392,44.5276,0,29,29,83,83,71,71,36,36,30.6592,71.1048,71.1048,71.1048,111.9196,111.9196,89.8768,222.95,222.95,70.5328,70.5328,47.5904,47.5904,387.72,387.72,387.72,219.1904,219.1904,44.5276,44.5276,44.5276,206.9392,272.9428,71.1048,111.9196,111.9196,111.9196,82.3056,67.7352,67.7352,67.7352,67.7352,67.7352,67.7352,86.4292,86.4292,86.4292,86.4292,86.4292,86.4292,67.7352,67.7352,67.7352,67.7352,67.7352,67.7352,86.4292,86.4292,86.4292,86.4292,86.4292,86.4292
2040,0,29,45.6404,28.0592,28.0592,28.0592,28.0592,28.0592,28.0592,28.0592,28.0592,28.0592,28.0592,28.0592,28.0592,28.0592,28.0592,28.0592,28.0592,28.0592,28.0592,45.6404,45.6404,279.7652,212.1132,212.1132,45.6404,0,29,29,85,85,73,73,37,37,31.4288,72.878,72.878,72.878,114.7172,114.7172,92.1232,228.5244,228.5244,72.2956,72.2956,48.7812,48.7812,397.42,397.42,397.42,224.6712,224.6712,45.6404,45.6404,45.6404,212.1132,279.7652,72.878,114.7172,114.7172,114.7172,84.3648,69.4252,69.4252,69.4252,69.4252,69.4252,69.4252,88.5924,88.5924,88.5924,88.5924,88.5924,88.5924,69.4252,69.4252,69.4252,69.4252,69.4252,69.4252,88.5924,88.5924,88.5924,88.5924,88.5924,88.5924
2041,0,30,46.7844,28.7612,28.7612,28.7612,28.7612,28.7612,28.7612,28.7612,28.7612,28.7612,28.7612,28.7612,28.7612,28.7612,28.7612,28.7612,28.7612,28.7612,28.7612,46.7844,46.7844,286.7592,217.4172,217.4172,46.7844,0,30,30,87,87,75,75,38,38,32.214,74.7032,74.7032,74.7032,117.5876,117.5876,94.4268,234.2392,234.2392,74.1052,74.1052,49.998,49.998,407.35,407.35,407.35,230.2872,230.2872,46.7844,46.7844,46.7844,217.4172,286.7592,74.7032,117.5876,117.5876,117.5876,86.4708,71.162,71.162,71.162,71.162,71.162,71.162,90.8076,90.8076,90.8076,90.8076,90.8076,90.8076,71.162,71.162,71.162,71.162,71.162,71.162,90.8076,90.8076,90.8076,90.8076,90.8076,90.8076
2042,0,31,47.9544,29.4788,29.4788,29.4788,29.4788,29.4788,29.4788,29.4788,29.4788,29.4788,29.4788,29.4788,29.4788,29.4788,29.4788,29.4788,29.4788,29.4788,29.4788,47.9544,47.9544,293.9248,222.8512,222.8512,47.9544,0,31,31,89,89,77,77,39,39,33.02,76.57,76.57,76.57,120.5256,120.5256,96.7876,240.0944,240.0944,75.9564,75.9564,51.246,51.246,417.53,417.53,417.53,236.0436,236.0436,47.9544,47.9544,47.9544,222.8512,293.9248,76.57,120.5256,120.5256,120.5256,88.634,72.9404,72.9404,72.9404,72.9404,72.9404,72.9404,93.0748,93.0748,93.0748,93.0748,93.0748,93.0748,72.9404,72.9404,72.9404,72.9404,72.9404,72.9404,93.0748,93.0748,93.0748,93.0748,93.0748,93.0748
2043,0,32,49.1504,30.2172,30.2172,30.2172,30.2172,30.2172,30.2172,30.2172,30.2172,30.2172,30.2172,30.2172,30.2172,30.2172,30.2172,30.2172,30.2172,30.2172,30.2172,49.1504,49.1504,301.2724,228.4256,228.4256,49.1504,0,32,32,91,91,79,79,40,40,33.8416,78.4836,78.4836,78.4836,123.5364,123.5364,99.2108,246.0952,246.0952,77.8544,77.8544,52.5304,52.5304,427.98,427.98,427.98,241.9456,241.9456,49.1504,49.1504,49.1504,228.4256,301.2724,78.4836,123.5364,123.5364,123.5364,90.8492,74.7656,74.7656,74.7656,74.7656,74.7656,74.7656,95.4044,95.4044,95.4044,95.4044,95.4044,95.4044,74.7656,74.7656,74.7656,74.7656,74.7656,74.7656,95.4044,95.4044,95.4044,95.4044,95.4044,95.4044
2044,0,32,50.3776,30.9712,30.9712,30.9712,30.9712,30.9712,30.9712,30.9712,30.9712,30.9712,30.9712,30.9712,30.9712,30.9712,30.9712,30.9712,30.9712,30.9712,30.9712,50.3776,50.3776,308.8072,234.1352,234.1352,50.3776,0,32,32,94,94,81,81,41,41,34.6892,80.444,80.444,80.444,126.6252,126.6252,101.6912,252.2468,252.2468,79.8044,79.8044,53.8408,53.8408,438.67,438.67,438.67,247.9932,247.9932,50.3776,50.3776,50.3776,234.1352,308.8072,80.444,126.6252,126.6252,126.6252,93.1216,76.6324,76.6324,76.6324,76.6324,76.6324,76.6324,97.7912,97.7912,97.7912,97.7912,97.7912,97.7912,76.6324,76.6324,76.6324,76.6324,76.6324,76.6324,97.7912,97.7912,97.7912,97.7912,97.7912,97.7912
2045,0,33,51.6412,31.746,31.746,31.746,31.746,31.746,31.746,31.746,31.746,31.746,31.746,31.746,31.746,31.746,31.746,31.746,31.746,31.746,31.746,51.6412,51.6412,316.5292,239.9852,239.9852,51.6412,0,33,33,96,96,83,83,42,42,35.5576,82.4564,82.4564,82.4564,129.792,129.792,104.234,258.5544,258.5544,81.796,81.796,55.1876,55.1876,449.64,449.64,449.64,254.1916,254.1916,51.6412,51.6412,51.6412,239.9852,316.5292,82.4564,129.792,129.792,129.792,95.4512,78.5512,78.5512,78.5512,78.5512,78.5512,78.5512,100.2352,100.2352,100.2352,100.2352,100.2352,100.2352,78.5512,78.5512,78.5512,78.5512,78.5512,78.5512,100.2352,100.2352,100.2352,100.2352,100.2352,100.2352
2046,0,34,52.9308,32.5416,32.5416,32.5416,32.5416,32.5416,32.5416,32.5416,32.5416,32.5416,32.5416,32.5416,32.5416,32.5416,32.5416,32.5416,32.5416,32.5416,32.5416,52.9308,52.9308,324.4384,245.986,245.986,52.9308,0,34,34,98,98,85,85,43,43,36.4468,84.5208,84.5208,84.5208,133.0368,133.0368,106.8392,265.018,265.018,83.8396,83.8396,56.5708,56.5708,460.88,460.88,460.88,260.5512,260.5512,52.9308,52.9308,52.9308,245.986,324.4384,84.5208,133.0368,133.0368,133.0368,97.838,80.5168,80.5168,80.5168,80.5168,80.5168,80.5168,102.7416,102.7416,102.7416,102.7416,102.7416,102.7416,80.5168,80.5168,80.5168,80.5168,80.5168,80.5168,102.7416,102.7416,102.7416,102.7416,102.7416,102.7416
2047,0,35,54.2516,33.3528,33.3528,33.3528,33.3528,33.3528,33.3528,33.3528,33.3528,33.3528,33.3528,33.3528,33.3528,33.3528,33.3528,33.3528,33.3528,33.3528,33.3528,54.2516,54.2516,332.5504,252.1376,252.1376,54.2516,0,35,35,101,101,87,87,44,44,37.3568,86.632,86.632,86.632,136.3648,136.3648,109.5068,271.6428,271.6428,85.9404,85.9404,57.98,57.98,472.4,472.4,472.4,267.0616,267.0616,54.2516,54.2516,54.2516,252.1376,332.5504,86.632,136.3648,136.3648,136.3648,100.282,82.5292,82.5292,82.5292,82.5292,82.5292,82.5292,105.3052,105.3052,105.3052,105.3052,105.3052,105.3052,82.5292,82.5292,82.5292,82.5292,82.5292,82.5292,105.3052,105.3052,105.3052,105.3052,105.3052,105.3052
2048,0,36,55.6088,34.19,34.19,34.19,34.19,34.19,34.19,34.19,34.19,34.19,34.19,34.19,34.19,34.19,34.19,34.19,34.19,34.19,34.19,55.6088,55.6088,340.8652,258.44,258.44,55.6088,0,36,36,103,103,89,89,45,45,38.2928,88.7952,88.7952,88.7952,139.7708,139.7708,112.2472,278.434,278.434,88.088,88.088,59.4308,59.4308,484.21,484.21,484.21,273.7384,273.7384,55.6088,55.6088,55.6088,258.44,340.8652,88.7952,139.7708,139.7708,139.7708,102.7884,84.5884,84.5884,84.5884,84.5884,84.5884,84.5884,107.9416,107.9416,107.9416,107.9416,107.9416,107.9416,84.5884,84.5884,84.5884,84.5884,84.5884,84.5884,107.9416,107.9416,107.9416,107.9416,107.9416,107.9416
2049,0,37,57.0024,35.0428,35.0428,35.0428,35.0428,35.0428,35.0428,35.0428,35.0428,35.0428,35.0428,35.0428,35.0428,35.0428,35.0428,35.0428,35.0428,35.0428,35.0428,57.0024,57.0024,349.388,264.8984,264.8984,57.0024,0,37,37,106,106,91,91,46,46,39.2496,91.0156,91.0156,91.0156,143.2652,143.2652,115.05,285.3968,285.3968,90.2876,90.2876,60.918,60.918,496.32,496.32,496.32,280.5816,280.5816,57.0024,57.0024,57.0024,264.8984,349.388,91.0156,143.2652,143.2652,143.2652,105.3572,86.7048,86.7048,86.7048,86.7048,86.7048,86.7048,110.6404,110.6404,110.6404,110.6404,110.6404,110.6404,86.7048,86.7048,86.7048,86.7048,86.7048,86.7048,110.6404,110.6404,110.6404,110.6404,110.6404,110.6404
2050,0,37,58.4272,35.9164,35.9164,35.9164,35.9164,35.9164,35.9164,35.9164,35.9164,35.9164,35.9164,35.9164,35.9164,35.9164,35.9164,35.9164,35.9164,35.9164,35.9164,58.4272,58.4272,349.388,271.5232,271.5232,58.4272,0,37,37,108,108,93,93,48,48,40.2272,93.2932,93.2932,93.2932,146.848,146.848,117.9308,292.5312,292.5312,92.5444,92.5444,62.4416,62.4416,508.73,508.73,508.73,287.5964,287.5964,58.4272,58.4272,58.4272,271.5232,349.388,93.2932,146.848,146.848,146.848,107.9936,83.2208,83.2208,83.2208,83.2208,83.2208,83.2208,113.4068,113.4068,113.4068,113.4068,113.4068,113.4068,83.2208,83.2208,83.2208,83.2208,83.2208,83.2208,113.4068,113.4068,113.4068,113.4068,113.4068,113.4068
