Year,AdvNuc Palo Verde,AdvNuc Pinal,New Bio Metro,New Bio Northern,Cholla 1 Repower Gas,Cholla 3 Repower Gas,Desert Sun CCH 1,Desert Sun CCH 2,Generic H Frame Tolls,New CC Palo Verde,New CC Pinal,Generic FC H Frame,New CT Palo Verde,New CT Pinal,Generic FC LgFrameCT,New Geothermal,Saguaro DS CT1,Saguaro DS CT2,Eagle PumpHydro,Generic PumpHydro Phase 1,Generic PumpHydro Phase 2,SMR Palo Verde,SMR Pinal,AZ Wind Tranche 1,NM Wind FC,NM Wind Hidalgo,NM Wind Tranche 1,NM Wind Tranche 2,NM Wind Tranche 3,NM Wind Tranche 4,Solar Tranche 1 Metro,Solar Tranche 1 Northern,Solar Tranche 2 Metro,Solar Tranche 2 Northern,Solar Tranche 3 Metro,Solar Tranche 3 Northern,Solar Tranche 4 Metro,Solar Tranche 4 Northern,Solar Tranche 5 Metro,Solar Tranche 5 Northern,Solar Tranche 6 Metro,Solar Tranche 6 Northern,Coal EXT 1,Coal EXT 2,CSP Metro,CSP Northern,BESS_6H_T1 Metro,BESS_6H_T1 Northern,BESS_6H_T2 Metro,BESS_6H_T2 Northern,BESS_6H_T3 Metro,BESS_6H_T3 Northern,BESS_8H_T1 Metro,BESS_8H_T1 Northern,BESS_8H_T2 Metro,BESS_8H_T2 Northern,BESS_8H_T3 Metro,BESS_8H_T3 Northern,Generic Solar - DPC,Generic BESS DPC
2026,0,0,0,0,0,0,0,0,0,0,0,0,0,0,0,0,0,0,0,0,0,0,0,0,0,0,0,0,0,0,0,0,0,0,0,0,0,0,0,0,0,0,99999,99999,0,0,0,0,0,0,0,0,0,0,0,0,0,0,0,0
2027,0,0,0,0,0,0,0,0,0,0,0,0,0,0,0,0,0,0,0,0,0,0,0,0,0,0,0,0,0,0,0,0,0,0,0,0,0,0,0,0,0,0,99999,99999,0,0,0,0,0,0,0,0,0,0,0,0,0,0,0,0
2028,0,0,0,0,0,0,0,0,0,0,0,0,0,0,0,0,0,0,0,0,0,0,0,0,0,0,0,0,0,0,0,0,0,0,0,0,0,0,0,0,0,0,99999,99999,0,0,0,0,0,0,0,0,0,0,0,0,0,0,0,0
2029,0,0,0,0,1992.1,1992.1,0,0,0,0,0,0,0,0,0,0,0,0,0,0,0,0,0,2274.168984,2274.168984,2274.168984,2274.168984,2274.168984,2274.168984,2274.168984,1886.519193,1886.519193,1886.519193,1886.519193,1886.519193,1886.519193,1886.519193,1886.519193,1886.519193,1886.519193,1886.519193,1886.519193,99999,99999,7957.832145,7957.832145,2647.155082,2647.155082,2647.155082,2647.155082,2647.155082,2647.155082,3383.180767,3383.180767,3383.180767,3383.180767,3383.180767,3383.180767,1886.519193,2647.155082
2030,0,0,22338.44776,22338.44776,1994.229296,1994.229296,0,0,0,0,0,0,3087.8,3087.8,3574.36,10952.15,0,0,0,0,0,0,0,2281.628447,2281.628447,2281.628447,2281.628447,2281.628447,2281.628447,2281.628447,1842.890834,1842.890834,1842.890834,1842.890834,1842.890834,1842.890834,1842.890834,1842.890834,1842.890834,1842.890834,1842.890834,1842.890834,99999,99999,8069.853819,8069.853819,2602.896215,2602.896215,2602.896215,2602.896215,2602.896215,2602.896215,3321.395426,3321.395426,3321.395426,3321.395426,3321.395426,3321.395426,1842.890834,2602.896215
2031,0,0,22758.29838,22758.29838,1994.229296,1994.229296,0,0,0,0,0,0,3138.67,3138.67,3633.25,11087.7,2733.07,2733.07,0,0,0,0,0,2315.227531,2315.227531,2315.227531,2315.227531,2315.227531,2315.227531,2315.227531,1795.937733,1795.937733,1795.937733,1795.937733,1795.937733,1795.937733,1795.937733,1795.937733,1795.937733,1795.937733,1795.937733,1795.937733,99999,99999,8217.299677,8217.299677,2624.780033,2624.780033,2624.780033,2624.780033,2624.780033,2624.780033,3347.837438,3347.837438,3347.837438,3347.837438,3347.837438,3347.837438,1795.937733,2624.780033
2032,0,0,23195.83877,23195.83877,0,0,4814.5,4814.5,5590.83,5590.83,5590.83,6447.135651,3194.2,3194.2,3697.53,11229.56,0,0,0,0,0,0,0,2349.079776,2349.079776,2349.079776,2349.079776,2349.079776,2349.079776,2349.079776,1745.520418,1745.520418,1745.520418,1745.520418,1745.520418,1745.520418,1745.520418,1745.520418,1745.520418,1745.520418,1745.520418,1745.520418,99999,99999,8367.07417,8367.07417,2646.14493,2646.14493,2646.14493,2646.14493,2646.14493,2646.14493,3373.552156,3373.552156,3373.552156,3373.552156,3373.552156,3373.552156,1745.520418,2646.14493
2033,0,0,23576.68556,23576.68556,0,0,4814.5,4814.5,5685.8,5685.8,5685.8,6556.659746,3246.4,3246.4,3757.95,11377.39,0,0,0,0,0,0,0,2383.176841,2383.176841,2383.176841,2383.176841,2383.176841,2383.176841,2383.176841,1691.494542,1691.494542,1691.494542,1691.494542,1691.494542,1691.494542,1691.494542,1691.494542,1691.494542,1691.494542,1691.494542,1691.494542,99999,99999,8519.201575,8519.201575,2666.952171,2666.952171,2666.952171,2666.952171,2666.952171,2666.952171,3398.488408,3398.488408,3398.488408,3398.488408,3398.488408,3398.488408,1691.494542,2666.952171
2034,0,0,24133.33959,24133.33959,0,0,4814.5,4814.5,5782.34,5782.34,5782.34,6667.982718,3303.45,3303.45,3824,11530.92,0,0,5714.70192,5714.70192,5714.70192,0,0,2417.509809,2417.509809,2417.509809,2417.509809,2417.509809,2417.509809,2417.509809,1633.71073,1633.71073,1633.71073,1633.71073,1633.71073,1633.71073,1633.71073,1633.71073,1633.71073,1633.71073,1633.71073,1633.71073,99999,99999,8673.705928,8673.705928,2687.161475,2687.161475,2687.161475,2687.161475,2687.161475,2687.161475,3422.593046,3422.593046,3422.593046,3422.593046,3422.593046,3422.593046,1633.71073,2687.161475
2035,0,0,24616.14487,24616.14487,0,0,4814.5,4814.5,5879.84,5879.84,5879.84,6780.41299,3356.98,3356.98,3885.96,11689.89,0,0,5857.569468,5857.569468,5857.569468,11863.81235,11863.81235,2452.069164,2452.069164,2452.069164,2452.069164,2452.069164,2452.069164,2452.069164,1572.014417,1572.014417,1572.014417,1572.014417,1572.014417,1572.014417,1572.014417,1572.014417,1572.014417,1572.014417,1572.014417,1572.014417,99999,99999,8830.610999,8830.610999,2804.047027,2804.047027,2804.047027,2804.047027,2804.047027,2804.047027,3569.69935,3569.69935,3569.69935,3569.69935,3569.69935,3569.69935,1572.014417,2804.047027
2036,12268.42212,12268.42212,25090.03065,25090.03065,0,0,4814.5,4814.5,5981.74,5981.74,5981.74,6897.917633,3415.58,3415.58,3953.8,11937.08,0,0,6004.008705,6004.008705,6004.008705,11823.80145,11823.80145,2486.844769,2486.844769,2486.844769,2486.844769,2486.844769,2486.844769,2486.844769,1585.426273,1585.426273,1585.426273,1585.426273,1585.426273,1585.426273,1585.426273,1585.426273,1585.426273,1585.426273,1585.426273,1585.426273,99999,99999,8989.940256,8989.940256,2921.607289,2921.607289,2921.607289,2921.607289,2921.607289,2921.607289,3717.463215,3717.463215,3717.463215,3717.463215,3717.463215,3717.463215,1585.426273,2921.607289
2037,12348.93191,12348.93191,25573.48525,25573.48525,0,0,4814.5,4814.5,6080.19,6080.19,6080.19,7011.452858,3470.69,3470.69,4017.59,12189.56,0,0,6154.663069,6154.663069,6154.663069,11774.73343,11774.73343,2521.825835,2521.825835,2521.825835,2521.825835,2521.825835,2521.825835,2521.825835,1598.532571,1598.532571,1598.532571,1598.532571,1598.532571,1598.532571,1598.532571,1598.532571,1598.532571,1598.532571,1598.532571,1598.532571,99999,99999,9151.716845,9151.716845,3138.366378,3138.366378,3138.366378,3138.366378,3138.366378,3138.366378,3991.171001,3991.171001,3991.171001,3991.171001,3991.171001,3991.171001,1598.532571,3138.366378
2038,12425.79943,12425.79943,26077.9241,26077.9241,0,0,4814.5,4814.5,6179.49,6179.49,6179.49,7125.964957,3530.85,3530.85,4071.34,12447.44,0,0,6307.961645,6307.961645,6307.961645,11716.14704,11716.14704,2557.000901,2557.000901,2557.000901,2557.000901,2557.000901,2557.000901,2557.000901,1611.30971,1611.30971,1611.30971,1611.30971,1611.30971,1611.30971,1611.30971,1611.30971,1611.30971,1611.30971,1611.30971,1611.30971,99999,99999,9315.963551,9315.963551,3158.248279,3158.248279,3158.248279,3158.248279,3158.248279,3158.248279,4014.281926,4014.281926,4014.281926,4014.281926,4014.281926,4014.281926,1611.30971,3158.248279
2039,12498.79224,12498.79224,26568.11868,26568.11868,0,0,4814.5,4814.5,6285.42,6285.42,6285.42,7248.10965,3591.85,3591.85,4157.84,12710.83,0,0,6465.660687,6465.660687,6465.660687,11646.92462,11646.92462,2592.357804,2592.357804,2592.357804,2592.357804,2592.357804,2592.357804,2592.357804,1623.733101,1623.733101,1623.733101,1623.733101,1623.733101,1623.733101,1623.733101,1623.733101,1623.733101,1623.733101,1623.733101,1623.733101,99999,99999,9482.702768,9482.702768,3177.187398,3177.187398,3177.187398,3177.187398,3177.187398,3177.187398,4036.101469,4036.101469,4036.101469,4036.101469,4036.101469,4036.101469,1623.733101,3177.187398
2040,12567.66856,12567.66856,27088.43297,27088.43297,0,0,4814.5,4814.5,6387.54,6387.54,6387.54,7365.86984,3634.53,3634.53,4223.73,12979.85,0,0,7187.180553,7187.180553,7187.180553,12076.57543,12076.57543,2627.883651,2627.883651,2627.883651,2627.883651,2627.883651,2627.883651,2627.883651,1635.777132,1635.777132,1635.777132,1635.777132,1635.777132,1635.777132,1635.777132,1635.777132,1635.777132,1635.777132,1635.777132,1635.777132,99999,99999,9651.95647,9651.95647,3195.125864,3195.125864,3195.125864,3195.125864,3195.125864,3195.125864,4056.553897,4056.553897,4056.553897,4056.553897,4056.553897,4056.553897,1635.777132,3195.125864
2041,12715.40473,12715.40473,27633.60509,27633.60509,0,0,4814.5,4814.5,6490.83,6490.83,6490.83,7484.98797,3711.34,3711.34,4279.34,13254.63,0,0,7940.735375,7940.735375,7940.735375,12643.2271,12643.2271,2663.564791,2663.564791,2663.564791,2663.564791,2663.564791,2663.564791,2663.564791,1647.415135,1647.415135,1647.415135,1647.415135,1647.415135,1647.415135,1647.415135,1647.415135,1647.415135,1647.415135,1647.415135,1647.415135,99999,99999,9823.746167,9823.746167,3212.003637,3212.003637,3212.003637,3212.003637,3212.003637,3212.003637,4075.560751,4075.560751,4075.560751,4075.560751,4075.560751,4075.560751,1647.415135,3212.003637
2042,13322.82543,13322.82543,28164.57156,28164.57156,0,0,4814.5,4814.5,6572.08,6572.08,6572.08,7605.458338,3769.59,3769.59,4363.58,13535.3,0,0,9315.698141,9315.698141,9315.698141,13704.89851,13704.89851,2699.386786,2699.386786,2699.386786,2699.386786,2699.386786,2699.386786,2699.386786,1658.619343,1658.619343,1658.619343,1658.619343,1658.619343,1658.619343,1658.619343,1658.619343,1658.619343,1658.619343,1658.619343,1658.619343,99999,99999,9998.092876,9998.092876,3227.758445,3227.758445,3227.758445,3227.758445,3227.758445,3227.758445,4093.040787,4093.040787,4093.040787,4093.040787,4093.040787,4093.040787,1658.619343,3227.758445
2043,14027.34791,14027.34791,28723.88965,28723.88965,0,0,4814.5,4814.5,6706.58,6706.58,6706.58,7733.776384,3833.72,3833.72,4437.83,13821.97,0,0,9548.590595,9548.590595,9548.590595,13744.93542,13744.93542,2735.334378,2735.334378,2735.334378,2735.334378,2735.334378,2735.334378,2735.334378,1669.360859,1669.360859,1669.360859,1669.360859,1669.360859,1669.360859,1669.360859,1669.360859,1669.360859,1669.360859,1669.360859,1669.360859,99999,99999,10175.01708,10175.01708,3242.325727,3242.325727,3242.325727,3242.325727,3242.325727,3242.325727,4108.909911,4108.909911,4108.909911,4108.909911,4108.909911,4108.909911,1669.360859,3242.325727
2044,15195.63306,15195.63306,29281.43477,29281.43477,0,0,4814.5,4814.5,6813.51,6813.51,6813.51,7857.092087,3893.28,3893.28,4506.77,14114.78,0,0,9787.305359,9787.305359,9787.305359,13778.40861,13778.40861,2771.391457,2771.391457,2771.391457,2771.391457,2771.391457,2771.391457,2771.391457,1679.609611,1679.609611,1679.609611,1679.609611,1679.609611,1679.609611,1679.609611,1679.609611,1679.609611,1679.609611,1679.609611,1679.609611,99999,99999,10354.53869,10354.53869,3255.638565,3255.638565,3255.638565,3255.638565,3255.638565,3255.638565,4123.081113,4123.081113,4123.081113,4123.081113,4123.081113,4123.081113,1679.609611,3255.638565
2045,15343.71217,15343.71217,29838.21366,29838.21366,0,0,4814.5,4814.5,6921.2,6921.2,6921.2,7981.277937,3959.28,3959.28,4583.17,14413.86,0,0,10031.98799,10031.98799,10031.98799,13804.96487,13804.96487,2807.541031,2807.541031,2807.541031,2807.541031,2807.541031,2807.541031,2807.541031,1685.411094,1685.411094,1685.411094,1685.411094,1685.411094,1685.411094,1685.411094,1685.411094,1685.411094,1685.411094,1685.411094,1685.411094,99999,99999,10536.67699,10536.67699,3267.627632,3267.627632,3267.627632,3267.627632,3267.627632,3267.627632,4135.464406,4135.464406,4135.464406,4135.464406,4135.464406,4135.464406,1685.411094,3267.627632
2046,0,0,0,0,0,0,4814.5,4814.5,7036.51,7036.51,7036.51,8114.238216,0,0,0,0,0,0,10282.78769,10282.78769,10282.78769,0,0,2843.765188,2843.765188,2843.765188,2843.765188,2843.765188,2843.765188,2843.765188,1698.502434,1698.502434,1698.502434,1698.502434,1698.502434,1698.502434,1698.502434,1698.502434,1698.502434,1698.502434,1698.502434,1698.502434,99999,99999,0,0,0,0,0,0,0,0,0,0,0,0,0,0,1698.502434,0
2047,0,0,0,0,0,0,4814.5,4814.5,7147.02,7147.02,7147.02,8241.680914,0,0,0,0,0,0,10539.85739,10539.85739,10539.85739,0,0,0,0,0,0,0,0,0,0,0,0,0,0,0,0,0,0,0,0,0,99999,99999,0,0,0,0,0,0,0,0,0,0,0,0,0,0,0,0
2048,0,0,0,0,0,0,4814.5,4814.5,0,0,0,0,0,0,0,0,0,0,10803.35382,10803.35382,10803.35382,0,0,0,0,0,0,0,0,0,0,0,0,0,0,0,0,0,0,0,0,0,99999,99999,0,0,0,0,0,0,0,0,0,0,0,0,0,0,0,0
2049,0,0,0,0,0,0,4814.5,4814.5,0,0,0,0,0,0,0,0,0,0,11073.43767,11073.43767,11073.43767,0,0,0,0,0,0,0,0,0,0,0,0,0,0,0,0,0,0,0,0,0,99999,99999,0,0,0,0,0,0,0,0,0,0,0,0,0,0,0,0
2050,0,0,0,0,0,0,4814.5,4814.5,0,0,0,0,0,0,0,0,0,0,11350.27361,11350.27361,11350.27361,0,0,0,0,0,0,0,0,0,0,0,0,0,0,0,0,0,0,0,0,0,99999,99999,0,0,0,0,0,0,0,0,0,0,0,0,0,0,0,0
