Year,Month,Arlington B~Arlington 2x1 Enforce Min Level LT Phase,Arlington DB~Arlington DB Enforce Min Level LT Phase,Griffith B~Griffith 2x1 Enforce Min Level LT Phase,Griffith DB~Griffith DB Enforce Min Level LT Phase,South Point B~Southpoint 2x1 Enforce Min Level LT Phase,South Point DB~Southpoint DB Enforce Min Level LT Phase,West Phoenix CC5 B~West Phoenix 2x1 Enforce Min Level LT Phase,West Phoenix CC5 DB~West Phoenix DB Enforce Min Level LT Phase,Redhawk 1 B~Redhawk 2x1 Enforce Min Level LT Phase,Redhawk 1 DB~Redhawk DB Enforce Min Level LT Phase,Redhawk 2 B~Redhawk2 2x1 Enforce Min Level LT Phase,Redhawk 2 DB~Redhawk2 DB Enforce Min Level LT Phase
2025,1,0,0,220,241,0,0,244.7,245,272.3,256,260.3,189.5
2025,2,0,0,220,241,0,0,245,245,259.2,272,272,272
2025,3,0,0,220,241,0,0,245,245,262.5,255.4,97.6,0
2025,4,0,0,217.3,208.2,0,0,245,245,0.1,0,255.2,226
2025,5,0,0,220,241,266.1,224.6,193.7,33.8,238.3,167.9,262.5,262.5
2025,6,252.1,212.3,220,241,266.1,224.6,238.5,239,246.8,202.9,257.5,257.1
2025,7,252.1,212.3,219.6,240.2,266.1,224.6,238.6,239,234.3,248.8,257.5,257.5
2025,8,252.1,212.3,216,226,266.1,224.6,238.5,239,257.5,257.5,257.5,257.5
2025,9,252.1,212.3,220,241,266.1,224.6,238.8,239,257.5,257.5,257.2,257.5
2025,10,0,0,220,241,266.1,224.6,239,239,262.5,260.2,262.4,259.1
2025,11,0,0,220,241,0,0,245,245,270.5,267,270.5,270.2
2025,12,0,0,219.6,239.7,0,0,245,245,16.5,23.1,252.8,209.4
2026,1,0,0,211,210.1,0,0,236.1,227.2,267.4,249.1,265.7,245.5
2026,2,0,0,211,210.1,0,0,236.1,227.2,266.9,248.7,265.3,245
2026,3,0,0,211,210.1,0,0,236.1,227.2,257.6,240,256,236.5
2026,4,0,0,211,210.1,0,0,236.1,227.2,257.6,240,256,236.5
2026,5,252.1,212.3,216.4,226.8,266.1,224.6,234,178.4,260.2,250.3,260.4,251.9
2026,6,252.1,212.3,216.4,226.8,266.1,224.6,234,178.4,255.3,245.6,255.4,247.1
2026,7,252.1,212.3,216.4,226.8,266.1,224.6,234,178.4,255.3,245.6,255.4,247.1
2026,8,252.1,212.3,216.4,226.8,266.1,224.6,234,178.4,255.3,245.6,255.4,247.1
2026,9,252.1,212.3,216.4,226.8,266.1,224.6,234,178.4,255.3,245.6,255.4,247.1
2026,10,252.1,212.3,216.4,226.8,266.1,224.6,234,178.4,260.2,250.3,260.4,251.9
2026,11,0,0,211,210.1,0,0,236.1,227.2,265.4,247.3,263.8,243.7
2026,12,0,0,211,210.1,0,0,236.1,227.2,267.4,249.1,265.7,245.5
2027,1,0,0,222.4,221.4,0,0,236.1,227.2,267.4,249.1,265.7,245.5
2027,2,0,0,222.4,221.4,0,0,236.1,227.2,266.9,248.7,265.3,245
2027,3,0,0,222.4,221.4,0,0,236.1,227.2,257.6,240,256,236.5
2027,4,0,0,222.4,221.4,0,0,236.1,227.2,257.6,240,256,236.5
2027,5,252.1,212.3,228.1,239.1,266.1,224.6,234,178.4,260.2,250.3,260.4,251.9
2027,6,252.1,212.3,228.1,239.1,266.1,224.6,234,178.4,255.3,245.6,255.4,247.1
2027,7,252.1,212.3,228.1,239.1,266.1,224.6,234,178.4,255.3,245.6,255.4,247.1
2027,8,252.1,212.3,228.1,239.1,266.1,224.6,234,178.4,255.3,245.6,255.4,247.1
2027,9,252.1,212.3,228.1,239.1,266.1,224.6,234,178.4,255.3,245.6,255.4,247.1
2027,10,252.1,212.3,228.1,239.1,266.1,224.6,234,178.4,260.2,250.3,260.4,251.9
2027,11,0,0,222.4,221.4,0,0,236.1,227.2,265.4,247.3,263.8,243.7
2027,12,0,0,222.4,221.4,0,0,236.1,227.2,267.4,249.1,265.7,245.5
2028,1,0,0,222.4,221.4,0,0,236.1,227.2,267.4,249.1,265.7,245.5
2028,2,0,0,222.4,221.4,0,0,236.1,227.2,266.9,248.7,265.3,245
2028,3,0,0,222.4,221.4,0,0,236.1,227.2,257.6,240,256,236.5
2028,4,0,0,222.4,221.4,0,0,236.1,227.2,257.6,240,256,236.5
2028,5,252.1,212.3,228.1,239.1,266.1,224.6,234,178.4,260.2,250.3,260.4,251.9
2028,6,252.1,212.3,228.1,239.1,266.1,224.6,234,178.4,255.3,245.6,255.4,247.1
2028,7,252.1,212.3,228.1,239.1,266.1,224.6,234,178.4,255.3,245.6,255.4,247.1
2028,8,252.1,212.3,228.1,239.1,266.1,224.6,234,178.4,255.3,245.6,255.4,247.1
2028,9,252.1,212.3,228.1,239.1,266.1,224.6,234,178.4,255.3,245.6,255.4,247.1
2028,10,252.1,212.3,228.1,239.1,266.1,224.6,234,178.4,260.2,250.3,260.4,251.9
2028,11,0,0,222.4,221.4,0,0,236.1,227.2,265.4,247.3,263.8,243.7
2028,12,0,0,222.4,221.4,0,0,236.1,227.2,267.4,249.1,265.7,245.5
2029,1,0,0,222.4,221.4,0,0,236.1,227.2,267.4,249.1,265.7,245.5
2029,2,0,0,222.4,221.4,0,0,236.1,227.2,266.9,248.7,265.3,245
2029,3,0,0,222.4,221.4,0,0,236.1,227.2,257.6,240,256,236.5
2029,4,0,0,222.4,221.4,0,0,236.1,227.2,257.6,240,256,236.5
2029,5,252.1,212.3,228.1,239.1,266.1,224.6,234,178.4,260.2,250.3,260.4,251.9
2029,6,252.1,212.3,228.1,239.1,266.1,224.6,234,178.4,255.3,245.6,255.4,247.1
2029,7,252.1,212.3,228.1,239.1,266.1,224.6,234,178.4,255.3,245.6,255.4,247.1
2029,8,252.1,212.3,228.1,239.1,266.1,224.6,234,178.4,255.3,245.6,255.4,247.1
2029,9,252.1,212.3,228.1,239.1,266.1,224.6,234,178.4,255.3,245.6,255.4,247.1
2029,10,252.1,212.3,228.1,239.1,266.1,224.6,234,178.4,260.2,250.3,260.4,251.9
2029,11,0,0,222.4,221.4,0,0,236.1,227.2,265.4,247.3,263.8,243.7
2029,12,0,0,222.4,221.4,0,0,236.1,227.2,267.4,249.1,265.7,245.5
2030,1,0,0,222.4,221.4,0,0,236.1,227.2,267.4,249.1,265.7,245.5
2030,2,0,0,222.4,221.4,0,0,236.1,227.2,266.9,248.7,265.3,245
2030,3,0,0,222.4,221.4,0,0,236.1,227.2,257.6,240,256,236.5
2030,4,0,0,222.4,221.4,0,0,236.1,227.2,257.6,240,256,236.5
2030,5,252.1,212.3,228.1,239.1,266.1,224.6,234,178.4,260.2,250.3,260.4,251.9
2030,6,252.1,212.3,228.1,239.1,266.1,224.6,234,178.4,255.3,245.6,255.4,247.1
2030,7,252.1,212.3,228.1,239.1,266.1,224.6,234,178.4,255.3,245.6,255.4,247.1
2030,8,252.1,212.3,228.1,239.1,266.1,224.6,234,178.4,255.3,245.6,255.4,247.1
2030,9,252.1,212.3,228.1,239.1,266.1,224.6,234,178.4,255.3,245.6,255.4,247.1
2030,10,252.1,212.3,228.1,239.1,266.1,224.6,234,178.4,260.2,250.3,260.4,251.9
2030,11,0,0,222.4,221.4,0,0,236.1,227.2,265.4,247.3,263.8,243.7
2030,12,0,0,222.4,221.4,0,0,236.1,227.2,267.4,249.1,265.7,245.5
2031,1,0,0,222.4,221.4,0,0,236.1,227.2,267.4,249.1,265.7,245.5
2031,2,0,0,222.4,221.4,0,0,236.1,227.2,266.9,248.7,265.3,245
2031,3,0,0,222.4,221.4,0,0,236.1,227.2,257.6,240,256,236.5
2031,4,0,0,222.4,221.4,0,0,236.1,227.2,257.6,240,256,236.5
2031,5,252.1,212.3,228.1,239.1,266.1,224.6,234,178.4,260.2,250.3,260.4,251.9
2031,6,252.1,212.3,228.1,239.1,266.1,224.6,234,178.4,255.3,245.6,255.4,247.1
2031,7,252.1,212.3,228.1,239.1,266.1,224.6,234,178.4,255.3,245.6,255.4,247.1
2031,8,252.1,212.3,228.1,239.1,266.1,224.6,234,178.4,255.3,245.6,255.4,247.1
2031,9,252.1,212.3,228.1,239.1,266.1,224.6,234,178.4,255.3,245.6,255.4,247.1
2031,10,252.1,212.3,228.1,239.1,266.1,224.6,234,178.4,260.2,250.3,260.4,251.9
2031,11,0,0,222.4,221.4,0,0,236.1,227.2,265.4,247.3,263.8,243.7
2031,12,0,0,222.4,221.4,0,0,236.1,227.2,267.4,249.1,265.7,245.5
2032,1,0,0,222.4,221.4,0,0,236.1,227.2,267.4,249.1,265.7,245.5
2032,2,0,0,222.4,221.4,0,0,236.1,227.2,266.9,248.7,265.3,245
2032,3,0,0,222.4,221.4,0,0,236.1,227.2,257.6,240,256,236.5
2032,4,0,0,222.4,221.4,0,0,236.1,227.2,257.6,240,256,236.5
2032,5,252.1,212.3,228.1,239.1,266.1,224.6,234,178.4,260.2,250.3,260.4,251.9
2032,6,252.1,212.3,228.1,239.1,266.1,224.6,234,178.4,255.3,245.6,255.4,247.1
2032,7,252.1,212.3,228.1,239.1,266.1,224.6,234,178.4,255.3,245.6,255.4,247.1
2032,8,252.1,212.3,228.1,239.1,266.1,224.6,234,178.4,255.3,245.6,255.4,247.1
2032,9,252.1,212.3,228.1,239.1,266.1,224.6,234,178.4,255.3,245.6,255.4,247.1
2032,10,252.1,212.3,228.1,239.1,266.1,224.6,234,178.4,260.2,250.3,260.4,251.9
2032,11,0,0,222.4,221.4,0,0,236.1,227.2,265.4,247.3,263.8,243.7
2032,12,0,0,222.4,221.4,0,0,236.1,227.2,267.4,249.1,265.7,245.5
2033,1,0,0,222.4,221.4,0,0,236.1,227.2,267.4,249.1,265.7,245.5
2033,2,0,0,222.4,221.4,0,0,236.1,227.2,266.9,248.7,265.3,245
2033,3,0,0,222.4,221.4,0,0,236.1,227.2,257.6,240,256,236.5
2033,4,0,0,222.4,221.4,0,0,236.1,227.2,257.6,240,256,236.5
2033,5,252.1,212.3,228.1,239.1,266.1,224.6,234,178.4,260.2,250.3,260.4,251.9
2033,6,252.1,212.3,228.1,239.1,266.1,224.6,234,178.4,255.3,245.6,255.4,247.1
2033,7,252.1,212.3,228.1,239.1,266.1,224.6,234,178.4,255.3,245.6,255.4,247.1
2033,8,252.1,212.3,228.1,239.1,266.1,224.6,234,178.4,255.3,245.6,255.4,247.1
2033,9,252.1,212.3,228.1,239.1,266.1,224.6,234,178.4,255.3,245.6,255.4,247.1
2033,10,252.1,212.3,228.1,239.1,266.1,224.6,234,178.4,260.2,250.3,260.4,251.9
2033,11,0,0,222.4,221.4,0,0,236.1,227.2,265.4,247.3,263.8,243.7
2033,12,0,0,222.4,221.4,0,0,236.1,227.2,267.4,249.1,265.7,245.5
2034,1,0,0,222.4,221.4,0,0,236.1,227.2,267.4,249.1,265.7,245.5
2034,2,0,0,222.4,221.4,0,0,236.1,227.2,266.9,248.7,265.3,245
2034,3,0,0,222.4,221.4,0,0,236.1,227.2,257.6,240,256,236.5
2034,4,0,0,222.4,221.4,0,0,236.1,227.2,257.6,240,256,236.5
2034,5,252.1,212.3,228.1,239.1,266.1,224.6,234,178.4,260.2,250.3,260.4,251.9
2034,6,252.1,212.3,228.1,239.1,266.1,224.6,234,178.4,255.3,245.6,255.4,247.1
2034,7,252.1,212.3,228.1,239.1,266.1,224.6,234,178.4,255.3,245.6,255.4,247.1
2034,8,252.1,212.3,228.1,239.1,266.1,224.6,234,178.4,255.3,245.6,255.4,247.1
2034,9,252.1,212.3,228.1,239.1,266.1,224.6,234,178.4,255.3,245.6,255.4,247.1
2034,10,252.1,212.3,228.1,239.1,266.1,224.6,234,178.4,260.2,250.3,260.4,251.9
2034,11,0,0,222.4,221.4,0,0,236.1,227.2,265.4,247.3,263.8,243.7
2034,12,0,0,222.4,221.4,0,0,236.1,227.2,267.4,249.1,265.7,245.5
2035,1,0,0,222.4,221.4,0,0,236.1,227.2,267.4,249.1,265.7,245.5
2035,2,0,0,222.4,221.4,0,0,236.1,227.2,266.9,248.7,265.3,245
2035,3,0,0,222.4,221.4,0,0,236.1,227.2,257.6,240,256,236.5
2035,4,0,0,222.4,221.4,0,0,236.1,227.2,257.6,240,256,236.5
2035,5,252.1,212.3,228.1,239.1,266.1,224.6,234,178.4,260.2,250.3,260.4,251.9
2035,6,252.1,212.3,228.1,239.1,266.1,224.6,234,178.4,255.3,245.6,255.4,247.1
2035,7,252.1,212.3,228.1,239.1,266.1,224.6,234,178.4,255.3,245.6,255.4,247.1
2035,8,252.1,212.3,228.1,239.1,266.1,224.6,234,178.4,255.3,245.6,255.4,247.1
2035,9,252.1,212.3,228.1,239.1,266.1,224.6,234,178.4,255.3,245.6,255.4,247.1
2035,10,252.1,212.3,228.1,239.1,266.1,224.6,234,178.4,260.2,250.3,260.4,251.9
2035,11,0,0,222.4,221.4,0,0,236.1,227.2,265.4,247.3,263.8,243.7
2035,12,0,0,222.4,221.4,0,0,236.1,227.2,267.4,249.1,265.7,245.5
2036,1,0,0,222.4,221.4,0,0,236.1,227.2,267.4,249.1,265.7,245.5
2036,2,0,0,222.4,221.4,0,0,236.1,227.2,266.9,248.7,265.3,245
2036,3,0,0,222.4,221.4,0,0,236.1,227.2,257.6,240,256,236.5
2036,4,0,0,222.4,221.4,0,0,236.1,227.2,257.6,240,256,236.5
2036,5,252.1,212.3,228.1,239.1,266.1,224.6,234,178.4,260.2,250.3,260.4,251.9
2036,6,252.1,212.3,228.1,239.1,266.1,224.6,234,178.4,255.3,245.6,255.4,247.1
2036,7,252.1,212.3,228.1,239.1,266.1,224.6,234,178.4,255.3,245.6,255.4,247.1
2036,8,252.1,212.3,228.1,239.1,266.1,224.6,234,178.4,255.3,245.6,255.4,247.1
2036,9,252.1,212.3,228.1,239.1,266.1,224.6,234,178.4,255.3,245.6,255.4,247.1
2036,10,252.1,212.3,228.1,239.1,266.1,224.6,234,178.4,260.2,250.3,260.4,251.9
2036,11,0,0,222.4,221.4,0,0,236.1,227.2,265.4,247.3,263.8,243.7
2036,12,0,0,222.4,221.4,0,0,236.1,227.2,267.4,249.1,265.7,245.5
2037,1,0,0,222.4,221.4,0,0,236.1,227.2,267.4,249.1,265.7,245.5
2037,2,0,0,222.4,221.4,0,0,236.1,227.2,266.9,248.7,265.3,245
2037,3,0,0,222.4,221.4,0,0,236.1,227.2,257.6,240,256,236.5
2037,4,0,0,222.4,221.4,0,0,236.1,227.2,257.6,240,256,236.5
2037,5,252.1,212.3,228.1,239.1,266.1,224.6,234,178.4,260.2,250.3,260.4,251.9
2037,6,252.1,212.3,228.1,239.1,266.1,224.6,234,178.4,255.3,245.6,255.4,247.1
2037,7,252.1,212.3,228.1,239.1,266.1,224.6,234,178.4,255.3,245.6,255.4,247.1
2037,8,252.1,212.3,228.1,239.1,266.1,224.6,234,178.4,255.3,245.6,255.4,247.1
2037,9,252.1,212.3,228.1,239.1,266.1,224.6,234,178.4,255.3,245.6,255.4,247.1
2037,10,252.1,212.3,228.1,239.1,266.1,224.6,234,178.4,260.2,250.3,260.4,251.9
2037,11,0,0,222.4,221.4,0,0,236.1,227.2,265.4,247.3,263.8,243.7
2037,12,0,0,222.4,221.4,0,0,236.1,227.2,267.4,249.1,265.7,245.5
2038,1,0,0,222.4,221.4,0,0,236.1,227.2,267.4,249.1,265.7,245.5
2038,2,0,0,222.4,221.4,0,0,236.1,227.2,266.9,248.7,265.3,245
2038,3,0,0,222.4,221.4,0,0,236.1,227.2,257.6,240,256,236.5
2038,4,0,0,222.4,221.4,0,0,236.1,227.2,257.6,240,256,236.5
2038,5,252.1,212.3,228.1,239.1,266.1,224.6,234,178.4,260.2,250.3,260.4,251.9
2038,6,252.1,212.3,228.1,239.1,266.1,224.6,234,178.4,255.3,245.6,255.4,247.1
2038,7,252.1,212.3,228.1,239.1,266.1,224.6,234,178.4,255.3,245.6,255.4,247.1
2038,8,252.1,212.3,228.1,239.1,266.1,224.6,234,178.4,255.3,245.6,255.4,247.1
2038,9,252.1,212.3,228.1,239.1,266.1,224.6,234,178.4,255.3,245.6,255.4,247.1
2038,10,252.1,212.3,228.1,239.1,266.1,224.6,234,178.4,260.2,250.3,260.4,251.9
2038,11,0,0,222.4,221.4,0,0,236.1,227.2,265.4,247.3,263.8,243.7
2038,12,0,0,222.4,221.4,0,0,236.1,227.2,267.4,249.1,265.7,245.5
2039,1,0,0,222.4,221.4,0,0,236.1,227.2,267.4,249.1,265.7,245.5
2039,2,0,0,222.4,221.4,0,0,236.1,227.2,266.9,248.7,265.3,245
2039,3,0,0,222.4,221.4,0,0,236.1,227.2,257.6,240,256,236.5
2039,4,0,0,222.4,221.4,0,0,236.1,227.2,257.6,240,256,236.5
2039,5,252.1,212.3,228.1,239.1,266.1,224.6,234,178.4,260.2,250.3,260.4,251.9
2039,6,252.1,212.3,228.1,239.1,266.1,224.6,234,178.4,255.3,245.6,255.4,247.1
2039,7,252.1,212.3,228.1,239.1,266.1,224.6,234,178.4,255.3,245.6,255.4,247.1
2039,8,252.1,212.3,228.1,239.1,266.1,224.6,234,178.4,255.3,245.6,255.4,247.1
2039,9,252.1,212.3,228.1,239.1,266.1,224.6,234,178.4,255.3,245.6,255.4,247.1
2039,10,252.1,212.3,228.1,239.1,266.1,224.6,234,178.4,260.2,250.3,260.4,251.9
2039,11,0,0,222.4,221.4,0,0,236.1,227.2,265.4,247.3,263.8,243.7
2039,12,0,0,222.4,221.4,0,0,236.1,227.2,267.4,249.1,265.7,245.5
2040,1,0,0,222.4,221.4,0,0,236.1,227.2,267.4,249.1,265.7,245.5
2040,2,0,0,222.4,221.4,0,0,236.1,227.2,266.9,248.7,265.3,245
2040,3,0,0,222.4,221.4,0,0,236.1,227.2,257.6,240,256,236.5
2040,4,0,0,222.4,221.4,0,0,236.1,227.2,257.6,240,256,236.5
2040,5,252.1,212.3,228.1,239.1,266.1,224.6,234,178.4,260.2,250.3,260.4,251.9
2040,6,252.1,212.3,228.1,239.1,266.1,224.6,234,178.4,255.3,245.6,255.4,247.1
2040,7,252.1,212.3,228.1,239.1,266.1,224.6,234,178.4,255.3,245.6,255.4,247.1
2040,8,252.1,212.3,228.1,239.1,266.1,224.6,234,178.4,255.3,245.6,255.4,247.1
2040,9,252.1,212.3,228.1,239.1,266.1,224.6,234,178.4,255.3,245.6,255.4,247.1
2040,10,252.1,212.3,228.1,239.1,266.1,224.6,234,178.4,260.2,250.3,260.4,251.9
2040,11,0,0,222.4,221.4,0,0,236.1,227.2,265.4,247.3,263.8,243.7
2040,12,0,0,222.4,221.4,0,0,236.1,227.2,267.4,249.1,265.7,245.5
2041,1,0,0,222.4,221.4,0,0,236.1,227.2,267.4,249.1,265.7,245.5
2041,2,0,0,222.4,221.4,0,0,236.1,227.2,266.9,248.7,265.3,245
2041,3,0,0,222.4,221.4,0,0,236.1,227.2,257.6,240,256,236.5
2041,4,0,0,222.4,221.4,0,0,236.1,227.2,257.6,240,256,236.5
2041,5,252.1,212.3,228.1,239.1,266.1,224.6,234,178.4,260.2,250.3,260.4,251.9
2041,6,252.1,212.3,228.1,239.1,266.1,224.6,234,178.4,255.3,245.6,255.4,247.1
2041,7,252.1,212.3,228.1,239.1,266.1,224.6,234,178.4,255.3,245.6,255.4,247.1
2041,8,252.1,212.3,228.1,239.1,266.1,224.6,234,178.4,255.3,245.6,255.4,247.1
2041,9,252.1,212.3,228.1,239.1,266.1,224.6,234,178.4,255.3,245.6,255.4,247.1
2041,10,252.1,212.3,228.1,239.1,266.1,224.6,234,178.4,260.2,250.3,260.4,251.9
2041,11,0,0,222.4,221.4,0,0,236.1,227.2,265.4,247.3,263.8,243.7
2041,12,0,0,222.4,221.4,0,0,236.1,227.2,267.4,249.1,265.7,245.5
2042,1,0,0,222.4,221.4,0,0,236.1,227.2,267.4,249.1,265.7,245.5
2042,2,0,0,222.4,221.4,0,0,236.1,227.2,266.9,248.7,265.3,245
2042,3,0,0,222.4,221.4,0,0,236.1,227.2,257.6,240,256,236.5
2042,4,0,0,222.4,221.4,0,0,236.1,227.2,257.6,240,256,236.5
2042,5,252.1,212.3,228.1,239.1,266.1,224.6,234,178.4,260.2,250.3,260.4,251.9
2042,6,252.1,212.3,228.1,239.1,266.1,224.6,234,178.4,255.3,245.6,255.4,247.1
2042,7,252.1,212.3,228.1,239.1,266.1,224.6,234,178.4,255.3,245.6,255.4,247.1
2042,8,252.1,212.3,228.1,239.1,266.1,224.6,234,178.4,255.3,245.6,255.4,247.1
2042,9,252.1,212.3,228.1,239.1,266.1,224.6,234,178.4,255.3,245.6,255.4,247.1
2042,10,252.1,212.3,228.1,239.1,266.1,224.6,234,178.4,260.2,250.3,260.4,251.9
2042,11,0,0,222.4,221.4,0,0,236.1,227.2,265.4,247.3,263.8,243.7
2042,12,0,0,222.4,221.4,0,0,236.1,227.2,267.4,249.1,265.7,245.5
2043,1,0,0,222.4,221.4,0,0,236.1,227.2,267.4,249.1,265.7,245.5
2043,2,0,0,222.4,221.4,0,0,236.1,227.2,266.9,248.7,265.3,245
2043,3,0,0,222.4,221.4,0,0,236.1,227.2,257.6,240,256,236.5
2043,4,0,0,222.4,221.4,0,0,236.1,227.2,257.6,240,256,236.5
2043,5,252.1,212.3,228.1,239.1,266.1,224.6,234,178.4,260.2,250.3,260.4,251.9
2043,6,252.1,212.3,228.1,239.1,266.1,224.6,234,178.4,255.3,245.6,255.4,247.1
2043,7,252.1,212.3,228.1,239.1,266.1,224.6,234,178.4,255.3,245.6,255.4,247.1
2043,8,252.1,212.3,228.1,239.1,266.1,224.6,234,178.4,255.3,245.6,255.4,247.1
2043,9,252.1,212.3,228.1,239.1,266.1,224.6,234,178.4,255.3,245.6,255.4,247.1
2043,10,252.1,212.3,228.1,239.1,266.1,224.6,234,178.4,260.2,250.3,260.4,251.9
2043,11,0,0,222.4,221.4,0,0,236.1,227.2,265.4,247.3,263.8,243.7
2043,12,0,0,222.4,221.4,0,0,236.1,227.2,267.4,249.1,265.7,245.5
2044,1,0,0,222.4,221.4,0,0,236.1,227.2,267.4,249.1,265.7,245.5
2044,2,0,0,222.4,221.4,0,0,236.1,227.2,266.9,248.7,265.3,245
2044,3,0,0,222.4,221.4,0,0,236.1,227.2,257.6,240,256,236.5
2044,4,0,0,222.4,221.4,0,0,236.1,227.2,257.6,240,256,236.5
2044,5,259.5,218.5,228.1,239.1,266.1,224.6,234,178.4,260.2,250.3,260.4,251.9
2044,6,259.5,218.5,228.1,239.1,266.1,224.6,234,178.4,255.3,245.6,255.4,247.1
2044,7,259.5,218.5,228.1,239.1,266.1,224.6,234,178.4,255.3,245.6,255.4,247.1
2044,8,259.5,218.5,228.1,239.1,266.1,224.6,234,178.4,255.3,245.6,255.4,247.1
2044,9,259.5,218.5,228.1,239.1,266.1,224.6,234,178.4,255.3,245.6,255.4,247.1
2044,10,259.5,218.5,228.1,239.1,266.1,224.6,234,178.4,260.2,250.3,260.4,251.9
2044,11,0,0,222.4,221.4,0,0,236.1,227.2,265.4,247.3,263.8,243.7
2044,12,0,0,222.4,221.4,0,0,236.1,227.2,267.4,249.1,265.7,245.5
2045,1,0,0,222.4,221.4,0,0,236.1,227.2,267.4,249.1,265.7,245.5
2045,2,0,0,222.4,221.4,0,0,236.1,227.2,266.9,248.7,265.3,245
2045,3,0,0,222.4,221.4,0,0,236.1,227.2,257.6,240,256,236.5
2045,4,0,0,222.4,221.4,0,0,236.1,227.2,257.6,240,256,236.5
2045,5,259.5,218.5,228.1,239.1,266.1,224.6,234,178.4,260.2,250.3,260.4,251.9
2045,6,259.5,218.5,228.1,239.1,266.1,224.6,234,178.4,255.3,245.6,255.4,247.1
2045,7,259.5,218.5,228.1,239.1,266.1,224.6,234,178.4,255.3,245.6,255.4,247.1
2045,8,259.5,218.5,228.1,239.1,266.1,224.6,234,178.4,255.3,245.6,255.4,247.1
2045,9,259.5,218.5,228.1,239.1,266.1,224.6,234,178.4,255.3,245.6,255.4,247.1
2045,10,259.5,218.5,228.1,239.1,266.1,224.6,234,178.4,260.2,250.3,260.4,251.9
2045,11,0,0,222.4,221.4,0,0,236.1,227.2,265.4,247.3,263.8,243.7
2045,12,0,0,222.4,221.4,0,0,236.1,227.2,267.4,249.1,265.7,245.5
2046,1,0,0,222.4,221.4,0,0,236.1,227.2,267.4,249.1,265.7,245.5
2046,2,0,0,222.4,221.4,0,0,236.1,227.2,266.9,248.7,265.3,245
2046,3,0,0,222.4,221.4,0,0,236.1,227.2,257.6,240,256,236.5
2046,4,0,0,222.4,221.4,0,0,236.1,227.2,257.6,240,256,236.5
2046,5,259.5,218.5,228.1,239.1,266.1,224.6,234,178.4,260.2,250.3,260.4,251.9
2046,6,259.5,218.5,228.1,239.1,266.1,224.6,234,178.4,255.3,245.6,255.4,247.1
2046,7,259.5,218.5,228.1,239.1,266.1,224.6,234,178.4,255.3,245.6,255.4,247.1
2046,8,259.5,218.5,228.1,239.1,266.1,224.6,234,178.4,255.3,245.6,255.4,247.1
2046,9,259.5,218.5,228.1,239.1,266.1,224.6,234,178.4,255.3,245.6,255.4,247.1
2046,10,259.5,218.5,228.1,239.1,266.1,224.6,234,178.4,260.2,250.3,260.4,251.9
2046,11,0,0,222.4,221.4,0,0,236.1,227.2,265.4,247.3,263.8,243.7
2046,12,0,0,222.4,221.4,0,0,236.1,227.2,267.4,249.1,265.7,245.5
2047,1,0,0,222.4,221.4,0,0,236.1,227.2,267.4,249.1,265.7,245.5
2047,2,0,0,222.4,221.4,0,0,236.1,227.2,266.9,248.7,265.3,245
2047,3,0,0,222.4,221.4,0,0,236.1,227.2,257.6,240,256,236.5
2047,4,0,0,222.4,221.4,0,0,236.1,227.2,257.6,240,256,236.5
2047,5,259.5,218.5,228.1,239.1,266.1,224.6,234,178.4,260.2,250.3,260.4,251.9
2047,6,259.5,218.5,228.1,239.1,266.1,224.6,234,178.4,255.3,245.6,255.4,247.1
2047,7,259.5,218.5,228.1,239.1,266.1,224.6,234,178.4,255.3,245.6,255.4,247.1
2047,8,259.5,218.5,228.1,239.1,266.1,224.6,234,178.4,255.3,245.6,255.4,247.1
2047,9,259.5,218.5,228.1,239.1,266.1,224.6,234,178.4,255.3,245.6,255.4,247.1
2047,10,259.5,218.5,228.1,239.1,266.1,224.6,234,178.4,260.2,250.3,260.4,251.9
2047,11,0,0,222.4,221.4,0,0,236.1,227.2,265.4,247.3,263.8,243.7
2047,12,0,0,222.4,221.4,0,0,236.1,227.2,267.4,249.1,265.7,245.5
2048,1,0,0,222.4,221.4,0,0,236.1,227.2,267.4,249.1,265.7,245.5
2048,2,0,0,222.4,221.4,0,0,236.1,227.2,266.9,248.7,265.3,245
2048,3,0,0,222.4,221.4,0,0,236.1,227.2,257.6,240,256,236.5
2048,4,0,0,222.4,221.4,0,0,236.1,227.2,257.6,240,256,236.5
2048,5,259.5,218.5,228.1,239.1,266.1,224.6,234,178.4,260.2,250.3,260.4,251.9
2048,6,259.5,218.5,228.1,239.1,266.1,224.6,234,178.4,255.3,245.6,255.4,247.1
2048,7,259.5,218.5,228.1,239.1,266.1,224.6,234,178.4,255.3,245.6,255.4,247.1
2048,8,259.5,218.5,228.1,239.1,266.1,224.6,234,178.4,255.3,245.6,255.4,247.1
2048,9,259.5,218.5,228.1,239.1,266.1,224.6,234,178.4,255.3,245.6,255.4,247.1
2048,10,259.5,218.5,228.1,239.1,266.1,224.6,234,178.4,260.2,250.3,260.4,251.9
2048,11,0,0,222.4,221.4,0,0,236.1,227.2,265.4,247.3,263.8,243.7
2048,12,0,0,222.4,221.4,0,0,236.1,227.2,267.4,249.1,265.7,245.5
2049,1,0,0,222.4,221.4,0,0,236.1,227.2,267.4,249.1,265.7,245.5
2049,2,0,0,222.4,221.4,0,0,236.1,227.2,266.9,248.7,265.3,245
2049,3,0,0,222.4,221.4,0,0,236.1,227.2,257.6,240,256,236.5
2049,4,0,0,222.4,221.4,0,0,236.1,227.2,257.6,240,256,236.5
2049,5,259.5,218.5,228.1,239.1,266.1,224.6,234,178.4,260.2,250.3,260.4,251.9
2049,6,259.5,218.5,228.1,239.1,266.1,224.6,234,178.4,255.3,245.6,255.4,247.1
2049,7,259.5,218.5,228.1,239.1,266.1,224.6,234,178.4,255.3,245.6,255.4,247.1
2049,8,259.5,218.5,228.1,239.1,266.1,224.6,234,178.4,255.3,245.6,255.4,247.1
2049,9,259.5,218.5,228.1,239.1,266.1,224.6,234,178.4,255.3,245.6,255.4,247.1
2049,10,259.5,218.5,228.1,239.1,266.1,224.6,234,178.4,260.2,250.3,260.4,251.9
2049,11,0,0,222.4,221.4,0,0,236.1,227.2,265.4,247.3,263.8,243.7
2049,12,0,0,222.4,221.4,0,0,236.1,227.2,267.4,249.1,265.7,245.5
2050,1,0,0,222.4,221.4,0,0,236.1,227.2,267.4,249.1,265.7,245.5
2050,2,0,0,222.4,221.4,0,0,236.1,227.2,266.9,248.7,265.3,245
2050,3,0,0,222.4,221.4,0,0,236.1,227.2,257.6,240,256,236.5
2050,4,0,0,222.4,221.4,0,0,236.1,227.2,257.6,240,256,236.5
2050,5,259.5,218.5,228.1,239.1,266.1,224.6,234,178.4,260.2,250.3,260.4,251.9
2050,6,259.5,218.5,228.1,239.1,266.1,224.6,234,178.4,255.3,245.6,255.4,247.1
2050,7,259.5,218.5,228.1,239.1,266.1,224.6,234,178.4,255.3,245.6,255.4,247.1
2050,8,259.5,218.5,228.1,239.1,266.1,224.6,234,178.4,255.3,245.6,255.4,247.1
2050,9,259.5,218.5,228.1,239.1,266.1,224.6,234,178.4,255.3,245.6,255.4,247.1
2050,10,259.5,218.5,228.1,239.1,266.1,224.6,234,178.4,260.2,250.3,260.4,251.9
2050,11,0,0,222.4,221.4,0,0,236.1,227.2,265.4,247.3,263.8,243.7
2050,12,0,0,222.4,221.4,0,0,236.1,227.2,267.4,249.1,265.7,245.5
2051,1,0,0,0,0,0,0,236.1,227.2,267.4,249.1,265.7,245.5
2051,2,0,0,0,0,0,0,236.1,227.2,266.9,248.7,265.3,245
2051,3,0,0,0,0,0,0,236.1,227.2,257.6,240,256,236.5
2051,4,0,0,0,0,0,0,236.1,227.2,257.6,240,256,236.5
2051,5,0,0,0,0,0,0,234,178.4,260.2,250.3,260.4,251.9
2051,6,0,0,0,0,0,0,234,178.4,255.3,245.6,255.4,247.1
2051,7,0,0,0,0,0,0,234,178.4,255.3,245.6,255.4,247.1
2051,8,0,0,0,0,0,0,234,178.4,255.3,245.6,255.4,247.1
2051,9,0,0,0,0,0,0,234,178.4,255.3,245.6,255.4,247.1
2051,10,0,0,0,0,0,0,234,178.4,260.2,250.3,260.4,251.9
2051,11,0,0,0,0,0,0,236.1,227.2,265.4,247.3,263.8,243.7
2051,12,0,0,0,0,0,0,236.1,227.2,267.4,249.1,265.7,245.5
2052,1,0,0,0,0,0,0,236.1,227.2,267.4,249.1,265.7,245.5
2052,2,0,0,0,0,0,0,236.1,227.2,266.9,248.7,265.3,245
2052,3,0,0,0,0,0,0,236.1,227.2,257.6,240,256,236.5
2052,4,0,0,0,0,0,0,236.1,227.2,257.6,240,256,236.5
2052,5,0,0,0,0,0,0,234,178.4,260.2,250.3,260.4,251.9
2052,6,0,0,0,0,0,0,234,178.4,255.3,245.6,255.4,247.1
2052,7,0,0,0,0,0,0,234,178.4,255.3,245.6,255.4,247.1
2052,8,0,0,0,0,0,0,234,178.4,255.3,245.6,255.4,247.1
2052,9,0,0,0,0,0,0,234,178.4,255.3,245.6,255.4,247.1
2052,10,0,0,0,0,0,0,234,178.4,260.2,250.3,260.4,251.9
2052,11,0,0,0,0,0,0,236.1,227.2,265.4,247.3,263.8,243.7
2052,12,0,0,0,0,0,0,236.1,227.2,267.4,249.1,265.7,245.5
2053,1,0,0,0,0,0,0,236.1,227.2,267.4,249.1,265.7,245.5
2053,2,0,0,0,0,0,0,236.1,227.2,266.9,248.7,265.3,245
2053,3,0,0,0,0,0,0,236.1,227.2,257.6,240,256,236.5
2053,4,0,0,0,0,0,0,236.1,227.2,257.6,240,256,236.5
2053,5,0,0,0,0,0,0,234,178.4,260.2,250.3,260.4,251.9
2053,6,0,0,0,0,0,0,234,178.4,255.3,245.6,255.4,247.1
2053,7,0,0,0,0,0,0,234,178.4,255.3,245.6,255.4,247.1
2053,8,0,0,0,0,0,0,234,178.4,255.3,245.6,255.4,247.1
2053,9,0,0,0,0,0,0,234,178.4,255.3,245.6,255.4,247.1
2053,10,0,0,0,0,0,0,234,178.4,260.2,250.3,260.4,251.9
2053,11,0,0,0,0,0,0,236.1,227.2,265.4,247.3,263.8,243.7
2053,12,0,0,0,0,0,0,236.1,227.2,267.4,249.1,265.7,245.5
2054,1,0,0,0,0,0,0,245,245,272.5,272.5,272.5,272.5
2054,2,0,0,0,0,0,0,245,245,272,272,272,272
2054,3,0,0,0,0,0,0,245,245,262.5,262.5,262.5,262.5
2054,4,0,0,0,0,0,0,245,245,262.5,262.5,262.5,262.5
2054,5,0,0,0,0,0,0,239,239,262.5,262.5,262.5,262.5
2054,6,0,0,0,0,0,0,239,239,257.5,257.5,257.5,257.5
2054,7,0,0,0,0,0,0,239,239,257.5,257.5,257.5,257.5
2054,8,0,0,0,0,0,0,239,239,257.5,257.5,257.5,257.5
2054,9,0,0,0,0,0,0,239,239,257.5,257.5,257.5,257.5
2054,10,0,0,0,0,0,0,239,239,262.5,262.5,262.5,262.5
2054,11,0,0,0,0,0,0,245,245,270.5,270.5,270.5,270.5
2054,12,0,0,0,0,0,0,245,245,272.5,272.5,272.5,272.5
