Year,Month,Arlington B~Arlington 2x1 Enforce Min Level,Arlington DB~Arlington DB Enforce Min Level,Griffith B~Griffith 2x1 Enforce Min Level,Griffith DB~Griffith DB Enforce Min Level,South Point B~Southpoint 2x1 Enforce Min Level,South Point DB~Southpoint DB Enforce Min Level,West Phoenix CC5 B~West Phoenix 2x1 Enforce Min Level,West Phoenix CC5 DB~West Phoenix DB Enforce Min Level,Redhawk 1 B~Redhawk 2x1 Enforce Min Level,Redhawk 1 DB~Redhawk DB Enforce Min Level,Redhawk 2 B~Redhawk2 2x1 Enforce Min Level,Redhawk 2 DB~Redhawk2 DB Enforce Min Level
2025,1,0,0,221,242,0,0,246,246,273.5,273.5,273.5,273.5
2025,2,0,0,221,242,0,0,246,246,273,273,273,273
2025,3,0,0,221,242,0,0,246,246,263.5,263.5,263.5,263.5
2025,4,0,0,221,242,0,0,246,246,263.5,263.5,263.5,263.5
2025,5,0,0,221,242,273,248.6,240,240,263.5,263.5,263.5,263.5
2025,6,257.5,228.4,221,242,273,248.6,240,240,258.5,258.5,258.5,258.5
2025,7,257.5,228.4,221,242,273,248.6,240,240,258.5,258.5,258.5,258.5
2025,8,257.5,228.4,221,242,273,248.6,240,240,258.5,258.5,258.5,258.5
2025,9,257.5,228.4,221,242,273,248.6,240,240,258.5,258.5,258.5,258.5
2025,10,0,0,221,242,273,248.6,240,240,263.5,263.5,263.5,263.5
2025,11,0,0,221,242,0,0,246,246,271.5,271.5,271.5,271.5
2025,12,0,0,221,242,0,0,246,246,273.5,273.5,273.5,273.5
2026,1,0,0,221,242,0,0,246,246,273.5,273.5,273.5,273.5
2026,2,0,0,221,242,0,0,246,246,273,273,273,273
2026,3,0,0,221,242,0,0,246,246,263.5,263.5,263.5,263.5
2026,4,0,0,221,242,0,0,246,246,263.5,263.5,263.5,263.5
2026,5,257.5,228.4,221,242,273,248.6,240,240,263.5,263.5,263.5,263.5
2026,6,257.5,228.4,221,242,273,248.6,240,240,258.5,258.5,258.5,258.5
2026,7,257.5,228.4,221,242,273,248.6,240,240,258.5,258.5,258.5,258.5
2026,8,257.5,228.4,221,242,273,248.6,240,240,258.5,258.5,258.5,258.5
2026,9,257.5,228.4,221,242,273,248.6,240,240,258.5,258.5,258.5,258.5
2026,10,257.5,228.4,221,242,273,248.6,240,240,263.5,263.5,263.5,263.5
2026,11,0,0,221,242,0,0,246,246,271.5,271.5,271.5,271.5
2026,12,0,0,221,242,0,0,246,246,273.5,273.5,273.5,273.5
2027,1,0,0,232.9,255,0,0,246,246,273.5,273.5,273.5,273.5
2027,2,0,0,232.9,255,0,0,246,246,273,273,273,273
2027,3,0,0,232.9,255,0,0,246,246,263.5,263.5,263.5,263.5
2027,4,0,0,232.9,255,0,0,246,246,263.5,263.5,263.5,263.5
2027,5,257.5,228.4,232.9,255,273,248.6,240,240,263.5,263.5,263.5,263.5
2027,6,257.5,228.4,232.9,255,273,248.6,240,240,258.5,258.5,258.5,258.5
2027,7,257.5,228.4,232.9,255,273,248.6,240,240,258.5,258.5,258.5,258.5
2027,8,257.5,228.4,232.9,255,273,248.6,240,240,258.5,258.5,258.5,258.5
2027,9,257.5,228.4,232.9,255,273,248.6,240,240,258.5,258.5,258.5,258.5
2027,10,257.5,228.4,232.9,255,273,248.6,240,240,263.5,263.5,263.5,263.5
2027,11,0,0,232.9,255,0,0,246,246,271.5,271.5,271.5,271.5
2027,12,0,0,232.9,255,0,0,246,246,273.5,273.5,273.5,273.5
2028,1,0,0,232.9,255,0,0,246,246,273.5,273.5,273.5,273.5
2028,2,0,0,232.9,255,0,0,246,246,273,273,273,273
2028,3,0,0,232.9,255,0,0,246,246,263.5,263.5,263.5,263.5
2028,4,0,0,232.9,255,0,0,246,246,263.5,263.5,263.5,263.5
2028,5,257.5,228.4,232.9,255,273,248.6,240,240,263.5,263.5,263.5,263.5
2028,6,257.5,228.4,232.9,255,273,248.6,240,240,258.5,258.5,258.5,258.5
2028,7,257.5,228.4,232.9,255,273,248.6,240,240,258.5,258.5,258.5,258.5
2028,8,257.5,228.4,232.9,255,273,248.6,240,240,258.5,258.5,258.5,258.5
2028,9,257.5,228.4,232.9,255,273,248.6,240,240,258.5,258.5,258.5,258.5
2028,10,257.5,228.4,232.9,255,273,248.6,240,240,263.5,263.5,263.5,263.5
2028,11,0,0,232.9,255,0,0,246,246,271.5,271.5,271.5,271.5
2028,12,0,0,232.9,255,0,0,246,246,273.5,273.5,273.5,273.5
2029,1,0,0,232.9,255,0,0,246,246,273.5,273.5,273.5,273.5
2029,2,0,0,232.9,255,0,0,246,246,273,273,273,273
2029,3,0,0,232.9,255,0,0,246,246,263.5,263.5,263.5,263.5
2029,4,0,0,232.9,255,0,0,246,246,263.5,263.5,263.5,263.5
2029,5,257.5,228.4,232.9,255,273,248.6,240,240,263.5,263.5,263.5,263.5
2029,6,257.5,228.4,232.9,255,273,248.6,240,240,258.5,258.5,258.5,258.5
2029,7,257.5,228.4,232.9,255,273,248.6,240,240,258.5,258.5,258.5,258.5
2029,8,257.5,228.4,232.9,255,273,248.6,240,240,258.5,258.5,258.5,258.5
2029,9,257.5,228.4,232.9,255,273,248.6,240,240,258.5,258.5,258.5,258.5
2029,10,257.5,228.4,232.9,255,273,248.6,240,240,263.5,263.5,263.5,263.5
2029,11,0,0,232.9,255,0,0,246,246,271.5,271.5,271.5,271.5
2029,12,0,0,232.9,255,0,0,246,246,273.5,273.5,273.5,273.5
2030,1,0,0,232.9,255,0,0,246,246,273.5,273.5,273.5,273.5
2030,2,0,0,232.9,255,0,0,246,246,273,273,273,273
2030,3,0,0,232.9,255,0,0,246,246,263.5,263.5,263.5,263.5
2030,4,0,0,232.9,255,0,0,246,246,263.5,263.5,263.5,263.5
2030,5,257.5,228.4,232.9,255,273,248.6,240,240,263.5,263.5,263.5,263.5
2030,6,257.5,228.4,232.9,255,273,248.6,240,240,258.5,258.5,258.5,258.5
2030,7,257.5,228.4,232.9,255,273,248.6,240,240,258.5,258.5,258.5,258.5
2030,8,257.5,228.4,232.9,255,273,248.6,240,240,258.5,258.5,258.5,258.5
2030,9,257.5,228.4,232.9,255,273,248.6,240,240,258.5,258.5,258.5,258.5
2030,10,257.5,228.4,232.9,255,273,248.6,240,240,263.5,263.5,263.5,263.5
2030,11,0,0,232.9,255,0,0,246,246,271.5,271.5,271.5,271.5
2030,12,0,0,232.9,255,0,0,246,246,273.5,273.5,273.5,273.5
2031,1,0,0,232.9,255,0,0,246,246,273.5,273.5,273.5,273.5
2031,2,0,0,232.9,255,0,0,246,246,273,273,273,273
2031,3,0,0,232.9,255,0,0,246,246,263.5,263.5,263.5,263.5
2031,4,0,0,232.9,255,0,0,246,246,263.5,263.5,263.5,263.5
2031,5,257.5,228.4,232.9,255,273,248.6,240,240,263.5,263.5,263.5,263.5
2031,6,257.5,228.4,232.9,255,273,248.6,240,240,258.5,258.5,258.5,258.5
2031,7,257.5,228.4,232.9,255,273,248.6,240,240,258.5,258.5,258.5,258.5
2031,8,257.5,228.4,232.9,255,273,248.6,240,240,258.5,258.5,258.5,258.5
2031,9,257.5,228.4,232.9,255,273,248.6,240,240,258.5,258.5,258.5,258.5
2031,10,257.5,228.4,232.9,255,273,248.6,240,240,263.5,263.5,263.5,263.5
2031,11,0,0,232.9,255,0,0,246,246,271.5,271.5,271.5,271.5
2031,12,0,0,232.9,255,0,0,246,246,273.5,273.5,273.5,273.5
2032,1,0,0,232.9,255,0,0,246,246,273.5,273.5,273.5,273.5
2032,2,0,0,232.9,255,0,0,246,246,273,273,273,273
2032,3,0,0,232.9,255,0,0,246,246,263.5,263.5,263.5,263.5
2032,4,0,0,232.9,255,0,0,246,246,263.5,263.5,263.5,263.5
2032,5,257.5,228.4,232.9,255,273,248.6,240,240,263.5,263.5,263.5,263.5
2032,6,257.5,228.4,232.9,255,273,248.6,240,240,258.5,258.5,258.5,258.5
2032,7,257.5,228.4,232.9,255,273,248.6,240,240,258.5,258.5,258.5,258.5
2032,8,257.5,228.4,232.9,255,273,248.6,240,240,258.5,258.5,258.5,258.5
2032,9,257.5,228.4,232.9,255,273,248.6,240,240,258.5,258.5,258.5,258.5
2032,10,257.5,228.4,232.9,255,273,248.6,240,240,263.5,263.5,263.5,263.5
2032,11,0,0,232.9,255,0,0,246,246,271.5,271.5,271.5,271.5
2032,12,0,0,232.9,255,0,0,246,246,273.5,273.5,273.5,273.5
2033,1,0,0,232.9,255,0,0,246,246,273.5,273.5,273.5,273.5
2033,2,0,0,232.9,255,0,0,246,246,273,273,273,273
2033,3,0,0,232.9,255,0,0,246,246,263.5,263.5,263.5,263.5
2033,4,0,0,232.9,255,0,0,246,246,263.5,263.5,263.5,263.5
2033,5,257.5,228.4,232.9,255,273,248.6,240,240,263.5,263.5,263.5,263.5
2033,6,257.5,228.4,232.9,255,273,248.6,240,240,258.5,258.5,258.5,258.5
2033,7,257.5,228.4,232.9,255,273,248.6,240,240,258.5,258.5,258.5,258.5
2033,8,257.5,228.4,232.9,255,273,248.6,240,240,258.5,258.5,258.5,258.5
2033,9,257.5,228.4,232.9,255,273,248.6,240,240,258.5,258.5,258.5,258.5
2033,10,257.5,228.4,232.9,255,273,248.6,240,240,263.5,263.5,263.5,263.5
2033,11,0,0,232.9,255,0,0,246,246,271.5,271.5,271.5,271.5
2033,12,0,0,232.9,255,0,0,246,246,273.5,273.5,273.5,273.5
2034,1,0,0,232.9,255,0,0,246,246,273.5,273.5,273.5,273.5
2034,2,0,0,232.9,255,0,0,246,246,273,273,273,273
2034,3,0,0,232.9,255,0,0,246,246,263.5,263.5,263.5,263.5
2034,4,0,0,232.9,255,0,0,246,246,263.5,263.5,263.5,263.5
2034,5,257.5,228.4,232.9,255,273,248.6,240,240,263.5,263.5,263.5,263.5
2034,6,257.5,228.4,232.9,255,273,248.6,240,240,258.5,258.5,258.5,258.5
2034,7,257.5,228.4,232.9,255,273,248.6,240,240,258.5,258.5,258.5,258.5
2034,8,257.5,228.4,232.9,255,273,248.6,240,240,258.5,258.5,258.5,258.5
2034,9,257.5,228.4,232.9,255,273,248.6,240,240,258.5,258.5,258.5,258.5
2034,10,257.5,228.4,232.9,255,273,248.6,240,240,263.5,263.5,263.5,263.5
2034,11,0,0,232.9,255,0,0,246,246,271.5,271.5,271.5,271.5
2034,12,0,0,232.9,255,0,0,246,246,273.5,273.5,273.5,273.5
2035,1,0,0,232.9,255,0,0,246,246,273.5,273.5,273.5,273.5
2035,2,0,0,232.9,255,0,0,246,246,273,273,273,273
2035,3,0,0,232.9,255,0,0,246,246,263.5,263.5,263.5,263.5
2035,4,0,0,232.9,255,0,0,246,246,263.5,263.5,263.5,263.5
2035,5,257.5,228.4,232.9,255,273,248.6,240,240,263.5,263.5,263.5,263.5
2035,6,257.5,228.4,232.9,255,273,248.6,240,240,258.5,258.5,258.5,258.5
2035,7,257.5,228.4,232.9,255,273,248.6,240,240,258.5,258.5,258.5,258.5
2035,8,257.5,228.4,232.9,255,273,248.6,240,240,258.5,258.5,258.5,258.5
2035,9,257.5,228.4,232.9,255,273,248.6,240,240,258.5,258.5,258.5,258.5
2035,10,257.5,228.4,232.9,255,273,248.6,240,240,263.5,263.5,263.5,263.5
2035,11,0,0,232.9,255,0,0,246,246,271.5,271.5,271.5,271.5
2035,12,0,0,232.9,255,0,0,246,246,273.5,273.5,273.5,273.5
2036,1,0,0,232.9,255,0,0,246,246,273.5,273.5,273.5,273.5
2036,2,0,0,232.9,255,0,0,246,246,273,273,273,273
2036,3,0,0,232.9,255,0,0,246,246,263.5,263.5,263.5,263.5
2036,4,0,0,232.9,255,0,0,246,246,263.5,263.5,263.5,263.5
2036,5,257.5,228.4,232.9,255,273,248.6,240,240,263.5,263.5,263.5,263.5
2036,6,257.5,228.4,232.9,255,273,248.6,240,240,258.5,258.5,258.5,258.5
2036,7,257.5,228.4,232.9,255,273,248.6,240,240,258.5,258.5,258.5,258.5
2036,8,257.5,228.4,232.9,255,273,248.6,240,240,258.5,258.5,258.5,258.5
2036,9,257.5,228.4,232.9,255,273,248.6,240,240,258.5,258.5,258.5,258.5
2036,10,257.5,228.4,232.9,255,273,248.6,240,240,263.5,263.5,263.5,263.5
2036,11,0,0,232.9,255,0,0,246,246,271.5,271.5,271.5,271.5
2036,12,0,0,232.9,255,0,0,246,246,273.5,273.5,273.5,273.5
2037,1,0,0,232.9,255,0,0,246,246,273.5,273.5,273.5,273.5
2037,2,0,0,232.9,255,0,0,246,246,273,273,273,273
2037,3,0,0,232.9,255,0,0,246,246,263.5,263.5,263.5,263.5
2037,4,0,0,232.9,255,0,0,246,246,263.5,263.5,263.5,263.5
2037,5,257.5,228.4,232.9,255,273,248.6,240,240,263.5,263.5,263.5,263.5
2037,6,257.5,228.4,232.9,255,273,248.6,240,240,258.5,258.5,258.5,258.5
2037,7,257.5,228.4,232.9,255,273,248.6,240,240,258.5,258.5,258.5,258.5
2037,8,257.5,228.4,232.9,255,273,248.6,240,240,258.5,258.5,258.5,258.5
2037,9,257.5,228.4,232.9,255,273,248.6,240,240,258.5,258.5,258.5,258.5
2037,10,257.5,228.4,232.9,255,273,248.6,240,240,263.5,263.5,263.5,263.5
2037,11,0,0,232.9,255,0,0,246,246,271.5,271.5,271.5,271.5
2037,12,0,0,232.9,255,0,0,246,246,273.5,273.5,273.5,273.5
2038,1,0,0,232.9,255,0,0,246,246,273.5,273.5,273.5,273.5
2038,2,0,0,232.9,255,0,0,246,246,273,273,273,273
2038,3,0,0,232.9,255,0,0,246,246,263.5,263.5,263.5,263.5
2038,4,0,0,232.9,255,0,0,246,246,263.5,263.5,263.5,263.5
2038,5,257.5,228.4,232.9,255,273,248.6,240,240,263.5,263.5,263.5,263.5
2038,6,257.5,228.4,232.9,255,273,248.6,240,240,258.5,258.5,258.5,258.5
2038,7,257.5,228.4,232.9,255,273,248.6,240,240,258.5,258.5,258.5,258.5
2038,8,257.5,228.4,232.9,255,273,248.6,240,240,258.5,258.5,258.5,258.5
2038,9,257.5,228.4,232.9,255,273,248.6,240,240,258.5,258.5,258.5,258.5
2038,10,257.5,228.4,232.9,255,273,248.6,240,240,263.5,263.5,263.5,263.5
2038,11,0,0,232.9,255,0,0,246,246,271.5,271.5,271.5,271.5
2038,12,0,0,232.9,255,0,0,246,246,273.5,273.5,273.5,273.5
2039,1,0,0,232.9,255,0,0,246,246,273.5,273.5,273.5,273.5
2039,2,0,0,232.9,255,0,0,246,246,273,273,273,273
2039,3,0,0,232.9,255,0,0,246,246,263.5,263.5,263.5,263.5
2039,4,0,0,232.9,255,0,0,246,246,263.5,263.5,263.5,263.5
2039,5,257.5,228.4,232.9,255,273,248.6,240,240,263.5,263.5,263.5,263.5
2039,6,257.5,228.4,232.9,255,273,248.6,240,240,258.5,258.5,258.5,258.5
2039,7,257.5,228.4,232.9,255,273,248.6,240,240,258.5,258.5,258.5,258.5
2039,8,257.5,228.4,232.9,255,273,248.6,240,240,258.5,258.5,258.5,258.5
2039,9,257.5,228.4,232.9,255,273,248.6,240,240,258.5,258.5,258.5,258.5
2039,10,257.5,228.4,232.9,255,273,248.6,240,240,263.5,263.5,263.5,263.5
2039,11,0,0,232.9,255,0,0,246,246,271.5,271.5,271.5,271.5
2039,12,0,0,232.9,255,0,0,246,246,273.5,273.5,273.5,273.5
2040,1,0,0,232.9,255,0,0,246,246,273.5,273.5,273.5,273.5
2040,2,0,0,232.9,255,0,0,246,246,273,273,273,273
2040,3,0,0,232.9,255,0,0,246,246,263.5,263.5,263.5,263.5
2040,4,0,0,232.9,255,0,0,246,246,263.5,263.5,263.5,263.5
2040,5,257.5,228.4,232.9,255,273,248.6,240,240,263.5,263.5,263.5,263.5
2040,6,257.5,228.4,232.9,255,273,248.6,240,240,258.5,258.5,258.5,258.5
2040,7,257.5,228.4,232.9,255,273,248.6,240,240,258.5,258.5,258.5,258.5
2040,8,257.5,228.4,232.9,255,273,248.6,240,240,258.5,258.5,258.5,258.5
2040,9,257.5,228.4,232.9,255,273,248.6,240,240,258.5,258.5,258.5,258.5
2040,10,257.5,228.4,232.9,255,273,248.6,240,240,263.5,263.5,263.5,263.5
2040,11,0,0,232.9,255,0,0,246,246,271.5,271.5,271.5,271.5
2040,12,0,0,232.9,255,0,0,246,246,273.5,273.5,273.5,273.5
2041,1,0,0,232.9,255,0,0,246,246,273.5,273.5,273.5,273.5
2041,2,0,0,232.9,255,0,0,246,246,273,273,273,273
2041,3,0,0,232.9,255,0,0,246,246,263.5,263.5,263.5,263.5
2041,4,0,0,232.9,255,0,0,246,246,263.5,263.5,263.5,263.5
2041,5,257.5,228.4,232.9,255,273,248.6,240,240,263.5,263.5,263.5,263.5
2041,6,257.5,228.4,232.9,255,273,248.6,240,240,258.5,258.5,258.5,258.5
2041,7,257.5,228.4,232.9,255,273,248.6,240,240,258.5,258.5,258.5,258.5
2041,8,257.5,228.4,232.9,255,273,248.6,240,240,258.5,258.5,258.5,258.5
2041,9,257.5,228.4,232.9,255,273,248.6,240,240,258.5,258.5,258.5,258.5
2041,10,257.5,228.4,232.9,255,273,248.6,240,240,263.5,263.5,263.5,263.5
2041,11,0,0,232.9,255,0,0,246,246,271.5,271.5,271.5,271.5
2041,12,0,0,232.9,255,0,0,246,246,273.5,273.5,273.5,273.5
2042,1,0,0,232.9,255,0,0,246,246,273.5,273.5,273.5,273.5
2042,2,0,0,232.9,255,0,0,246,246,273,273,273,273
2042,3,0,0,232.9,255,0,0,246,246,263.5,263.5,263.5,263.5
2042,4,0,0,232.9,255,0,0,246,246,263.5,263.5,263.5,263.5
2042,5,257.5,228.4,232.9,255,273,248.6,240,240,263.5,263.5,263.5,263.5
2042,6,257.5,228.4,232.9,255,273,248.6,240,240,258.5,258.5,258.5,258.5
2042,7,257.5,228.4,232.9,255,273,248.6,240,240,258.5,258.5,258.5,258.5
2042,8,257.5,228.4,232.9,255,273,248.6,240,240,258.5,258.5,258.5,258.5
2042,9,257.5,228.4,232.9,255,273,248.6,240,240,258.5,258.5,258.5,258.5
2042,10,257.5,228.4,232.9,255,273,248.6,240,240,263.5,263.5,263.5,263.5
2042,11,0,0,232.9,255,0,0,246,246,271.5,271.5,271.5,271.5
2042,12,0,0,232.9,255,0,0,246,246,273.5,273.5,273.5,273.5
2043,1,0,0,232.9,255,0,0,246,246,273.5,273.5,273.5,273.5
2043,2,0,0,232.9,255,0,0,246,246,273,273,273,273
2043,3,0,0,232.9,255,0,0,246,246,263.5,263.5,263.5,263.5
2043,4,0,0,232.9,255,0,0,246,246,263.5,263.5,263.5,263.5
2043,5,257.5,228.4,232.9,255,273,248.6,240,240,263.5,263.5,263.5,263.5
2043,6,257.5,228.4,232.9,255,273,248.6,240,240,258.5,258.5,258.5,258.5
2043,7,257.5,228.4,232.9,255,273,248.6,240,240,258.5,258.5,258.5,258.5
2043,8,257.5,228.4,232.9,255,273,248.6,240,240,258.5,258.5,258.5,258.5
2043,9,257.5,228.4,232.9,255,273,248.6,240,240,258.5,258.5,258.5,258.5
2043,10,257.5,228.4,232.9,255,273,248.6,240,240,263.5,263.5,263.5,263.5
2043,11,0,0,232.9,255,0,0,246,246,271.5,271.5,271.5,271.5
2043,12,0,0,232.9,255,0,0,246,246,273.5,273.5,273.5,273.5
2044,1,0,0,232.9,255,0,0,246,246,273.5,273.5,273.5,273.5
2044,2,0,0,232.9,255,0,0,246,246,273,273,273,273
2044,3,0,0,232.9,255,0,0,246,246,263.5,263.5,263.5,263.5
2044,4,0,0,232.9,255,0,0,246,246,263.5,263.5,263.5,263.5
2044,5,265,235,232.9,255,273,248.6,240,240,263.5,263.5,263.5,263.5
2044,6,265,235,232.9,255,273,248.6,240,240,258.5,258.5,258.5,258.5
2044,7,265,235,232.9,255,273,248.6,240,240,258.5,258.5,258.5,258.5
2044,8,265,235,232.9,255,273,248.6,240,240,258.5,258.5,258.5,258.5
2044,9,265,235,232.9,255,273,248.6,240,240,258.5,258.5,258.5,258.5
2044,10,265,235,232.9,255,273,248.6,240,240,263.5,263.5,263.5,263.5
2044,11,0,0,232.9,255,0,0,246,246,271.5,271.5,271.5,271.5
2044,12,0,0,232.9,255,0,0,246,246,273.5,273.5,273.5,273.5
2045,1,0,0,232.9,255,0,0,246,246,273.5,273.5,273.5,273.5
2045,2,0,0,232.9,255,0,0,246,246,273,273,273,273
2045,3,0,0,232.9,255,0,0,246,246,263.5,263.5,263.5,263.5
2045,4,0,0,232.9,255,0,0,246,246,263.5,263.5,263.5,263.5
2045,5,265,235,232.9,255,273,248.6,240,240,263.5,263.5,263.5,263.5
2045,6,265,235,232.9,255,273,248.6,240,240,258.5,258.5,258.5,258.5
2045,7,265,235,232.9,255,273,248.6,240,240,258.5,258.5,258.5,258.5
2045,8,265,235,232.9,255,273,248.6,240,240,258.5,258.5,258.5,258.5
2045,9,265,235,232.9,255,273,248.6,240,240,258.5,258.5,258.5,258.5
2045,10,265,235,232.9,255,273,248.6,240,240,263.5,263.5,263.5,263.5
2045,11,0,0,232.9,255,0,0,246,246,271.5,271.5,271.5,271.5
2045,12,0,0,232.9,255,0,0,246,246,273.5,273.5,273.5,273.5
2046,1,0,0,232.9,255,0,0,246,246,273.5,273.5,273.5,273.5
2046,2,0,0,232.9,255,0,0,246,246,273,273,273,273
2046,3,0,0,232.9,255,0,0,246,246,263.5,263.5,263.5,263.5
2046,4,0,0,232.9,255,0,0,246,246,263.5,263.5,263.5,263.5
2046,5,265,235,232.9,255,273,248.6,240,240,263.5,263.5,263.5,263.5
2046,6,265,235,232.9,255,273,248.6,240,240,258.5,258.5,258.5,258.5
2046,7,265,235,232.9,255,273,248.6,240,240,258.5,258.5,258.5,258.5
2046,8,265,235,232.9,255,273,248.6,240,240,258.5,258.5,258.5,258.5
2046,9,265,235,232.9,255,273,248.6,240,240,258.5,258.5,258.5,258.5
2046,10,265,235,232.9,255,273,248.6,240,240,263.5,263.5,263.5,263.5
2046,11,0,0,232.9,255,0,0,246,246,271.5,271.5,271.5,271.5
2046,12,0,0,232.9,255,0,0,246,246,273.5,273.5,273.5,273.5
2047,1,0,0,232.9,255,0,0,246,246,273.5,273.5,273.5,273.5
2047,2,0,0,232.9,255,0,0,246,246,273,273,273,273
2047,3,0,0,232.9,255,0,0,246,246,263.5,263.5,263.5,263.5
2047,4,0,0,232.9,255,0,0,246,246,263.5,263.5,263.5,263.5
2047,5,265,235,232.9,255,273,248.6,240,240,263.5,263.5,263.5,263.5
2047,6,265,235,232.9,255,273,248.6,240,240,258.5,258.5,258.5,258.5
2047,7,265,235,232.9,255,273,248.6,240,240,258.5,258.5,258.5,258.5
2047,8,265,235,232.9,255,273,248.6,240,240,258.5,258.5,258.5,258.5
2047,9,265,235,232.9,255,273,248.6,240,240,258.5,258.5,258.5,258.5
2047,10,265,235,232.9,255,273,248.6,240,240,263.5,263.5,263.5,263.5
2047,11,0,0,232.9,255,0,0,246,246,271.5,271.5,271.5,271.5
2047,12,0,0,232.9,255,0,0,246,246,273.5,273.5,273.5,273.5
2048,1,0,0,232.9,255,0,0,246,246,273.5,273.5,273.5,273.5
2048,2,0,0,232.9,255,0,0,246,246,273,273,273,273
2048,3,0,0,232.9,255,0,0,246,246,263.5,263.5,263.5,263.5
2048,4,0,0,232.9,255,0,0,246,246,263.5,263.5,263.5,263.5
2048,5,265,235,232.9,255,273,248.6,240,240,263.5,263.5,263.5,263.5
2048,6,265,235,232.9,255,273,248.6,240,240,258.5,258.5,258.5,258.5
2048,7,265,235,232.9,255,273,248.6,240,240,258.5,258.5,258.5,258.5
2048,8,265,235,232.9,255,273,248.6,240,240,258.5,258.5,258.5,258.5
2048,9,265,235,232.9,255,273,248.6,240,240,258.5,258.5,258.5,258.5
2048,10,265,235,232.9,255,273,248.6,240,240,263.5,263.5,263.5,263.5
2048,11,0,0,232.9,255,0,0,246,246,271.5,271.5,271.5,271.5
2048,12,0,0,232.9,255,0,0,246,246,273.5,273.5,273.5,273.5
2049,1,0,0,232.9,255,0,0,246,246,273.5,273.5,273.5,273.5
2049,2,0,0,232.9,255,0,0,246,246,273,273,273,273
2049,3,0,0,232.9,255,0,0,246,246,263.5,263.5,263.5,263.5
2049,4,0,0,232.9,255,0,0,246,246,263.5,263.5,263.5,263.5
2049,5,265,235,232.9,255,273,248.6,240,240,263.5,263.5,263.5,263.5
2049,6,265,235,232.9,255,273,248.6,240,240,258.5,258.5,258.5,258.5
2049,7,265,235,232.9,255,273,248.6,240,240,258.5,258.5,258.5,258.5
2049,8,265,235,232.9,255,273,248.6,240,240,258.5,258.5,258.5,258.5
2049,9,265,235,232.9,255,273,248.6,240,240,258.5,258.5,258.5,258.5
2049,10,265,235,232.9,255,273,248.6,240,240,263.5,263.5,263.5,263.5
2049,11,0,0,232.9,255,0,0,246,246,271.5,271.5,271.5,271.5
2049,12,0,0,232.9,255,0,0,246,246,273.5,273.5,273.5,273.5
2050,1,0,0,232.9,255,0,0,246,246,273.5,273.5,273.5,273.5
2050,2,0,0,232.9,255,0,0,246,246,273,273,273,273
2050,3,0,0,232.9,255,0,0,246,246,263.5,263.5,263.5,263.5
2050,4,0,0,232.9,255,0,0,246,246,263.5,263.5,263.5,263.5
2050,5,265,235,232.9,255,273,248.6,240,240,263.5,263.5,263.5,263.5
2050,6,265,235,232.9,255,273,248.6,240,240,258.5,258.5,258.5,258.5
2050,7,265,235,232.9,255,273,248.6,240,240,258.5,258.5,258.5,258.5
2050,8,265,235,232.9,255,273,248.6,240,240,258.5,258.5,258.5,258.5
2050,9,265,235,232.9,255,273,248.6,240,240,258.5,258.5,258.5,258.5
2050,10,265,235,232.9,255,273,248.6,240,240,263.5,263.5,263.5,263.5
2050,11,0,0,232.9,255,0,0,246,246,271.5,271.5,271.5,271.5
2050,12,0,0,232.9,255,0,0,246,246,273.5,273.5,273.5,273.5
2051,1,0,0,0,0,0,0,246,246,273.5,273.5,273.5,273.5
2051,2,0,0,0,0,0,0,246,246,273,273,273,273
2051,3,0,0,0,0,0,0,246,246,263.5,263.5,263.5,263.5
2051,4,0,0,0,0,0,0,246,246,263.5,263.5,263.5,263.5
2051,5,0,0,0,0,0,0,240,240,263.5,263.5,263.5,263.5
2051,6,0,0,0,0,0,0,240,240,258.5,258.5,258.5,258.5
2051,7,0,0,0,0,0,0,240,240,258.5,258.5,258.5,258.5
2051,8,0,0,0,0,0,0,240,240,258.5,258.5,258.5,258.5
2051,9,0,0,0,0,0,0,240,240,258.5,258.5,258.5,258.5
2051,10,0,0,0,0,0,0,240,240,263.5,263.5,263.5,263.5
2051,11,0,0,0,0,0,0,246,246,271.5,271.5,271.5,271.5
2051,12,0,0,0,0,0,0,246,246,273.5,273.5,273.5,273.5
2052,1,0,0,0,0,0,0,246,246,273.5,273.5,273.5,273.5
2052,2,0,0,0,0,0,0,246,246,273,273,273,273
2052,3,0,0,0,0,0,0,246,246,263.5,263.5,263.5,263.5
2052,4,0,0,0,0,0,0,246,246,263.5,263.5,263.5,263.5
2052,5,0,0,0,0,0,0,240,240,263.5,263.5,263.5,263.5
2052,6,0,0,0,0,0,0,240,240,258.5,258.5,258.5,258.5
2052,7,0,0,0,0,0,0,240,240,258.5,258.5,258.5,258.5
2052,8,0,0,0,0,0,0,240,240,258.5,258.5,258.5,258.5
2052,9,0,0,0,0,0,0,240,240,258.5,258.5,258.5,258.5
2052,10,0,0,0,0,0,0,240,240,263.5,263.5,263.5,263.5
2052,11,0,0,0,0,0,0,246,246,271.5,271.5,271.5,271.5
2052,12,0,0,0,0,0,0,246,246,273.5,273.5,273.5,273.5
2053,1,0,0,0,0,0,0,246,246,273.5,273.5,273.5,273.5
2053,2,0,0,0,0,0,0,246,246,273,273,273,273
2053,3,0,0,0,0,0,0,246,246,263.5,263.5,263.5,263.5
2053,4,0,0,0,0,0,0,246,246,263.5,263.5,263.5,263.5
2053,5,0,0,0,0,0,0,240,240,263.5,263.5,263.5,263.5
2053,6,0,0,0,0,0,0,240,240,258.5,258.5,258.5,258.5
2053,7,0,0,0,0,0,0,240,240,258.5,258.5,258.5,258.5
2053,8,0,0,0,0,0,0,240,240,258.5,258.5,258.5,258.5
2053,9,0,0,0,0,0,0,240,240,258.5,258.5,258.5,258.5
2053,10,0,0,0,0,0,0,240,240,263.5,263.5,263.5,263.5
2053,11,0,0,0,0,0,0,246,246,271.5,271.5,271.5,271.5
2053,12,0,0,0,0,0,0,246,246,273.5,273.5,273.5,273.5
2054,1,0,0,0,0,0,0,246,246,273.5,273.5,273.5,273.5
2054,2,0,0,0,0,0,0,246,246,273,273,273,273
2054,3,0,0,0,0,0,0,246,246,263.5,263.5,263.5,263.5
2054,4,0,0,0,0,0,0,246,246,263.5,263.5,263.5,263.5
2054,5,0,0,0,0,0,0,240,240,263.5,263.5,263.5,263.5
2054,6,0,0,0,0,0,0,240,240,258.5,258.5,258.5,258.5
2054,7,0,0,0,0,0,0,240,240,258.5,258.5,258.5,258.5
2054,8,0,0,0,0,0,0,240,240,258.5,258.5,258.5,258.5
2054,9,0,0,0,0,0,0,240,240,258.5,258.5,258.5,258.5
2054,10,0,0,0,0,0,0,240,240,263.5,263.5,263.5,263.5
2054,11,0,0,0,0,0,0,246,246,271.5,271.5,271.5,271.5
2054,12,0,0,0,0,0,0,246,246,273.5,273.5,273.5,273.5
