Year, Agave PVS Solar , AGX , Aragonne , Arlington A , Arlington A_2030 , Arlington B , Arlington B_2030 , Arlington DB , Arlington DB_2030 , Badger 1 , Pioneer PVS0Solar , Catclaw PVS0Solar , CE TURBO , Chevelon Butte , Chevelon Butte II , Chino Valley Solar , Cholla 1 , Cholla 3 , CO Bar C PVS0Solar , Mesquite 5 PVS0Solar , Cotton Center Solar , Demand Side Curtailment Area1 First Block , Demand Side Curtailment Area1 Second Block , Desert Star Solar , Douglas , EE_Baseline , Eastern Mining Load , Embedded_DG , External , Foothills Solar , Four Corners 4 , Four Corners 5 , Future LM6000 CT 1 , Future LM6000 CT 10 , Future LM6000 CT 11 , Future LM6000 CT 12 , Future LM6000 CT 2 , Future LM6000 CT 3 , Future LM6000 CT 4 , Future LM6000 CT 5 , Future LM6000 CT 6 , Future LM6000 CT 7 , Future LM6000 CT 8 , Future LM6000 CT 9 , Gila Bend Solar , Gillespie 1 Solar , Griffith A , Griffith B , Griffith DB , Harquahala 2022 , Harquahala 2023 , Harquahala Sun 2 PVS0Solar , Hashknife 2 PVS0Solar  , Hashknife I PVS0Solar 27 , Hashknife 1 PVS0Solar , High Lonesome , Hyder I Solar , Hyder II Solar , Incremental_DG , Ironwood PVS0Solar , Ironwood_PVS_Solar , Kitt PVS0Solar , Legacy Solar , Luke AFB Solar , Maricopa 1 PVS0Solar , Maricopa 2 PVS0Solar , Microgrid 0 FUTURE , Microgrid XHLF , Microgrid Forrest Lakes , Microgrid Preacher , Microgrid Punkin Center , Microgrid Aligned , Microgrid City of Phx , Microgrid MCASY , Microgrid TSMC , New Solar , Novo BioPower , Ocotillo CT 1 , Ocotillo CT 2 , Ocotillo CT 3 , Ocotillo CT 4 , Ocotillo CT 5 , Ocotillo CT 6 , Ocotillo CT 7 , Palo Verde 1 , Palo Verde 2 , Palo Verde 3 , Paloma Solar , Papago Solar , Perrin Ranch , Ajo Solar , Bagdad Solar , Prescott Solar , PVS Solar 5 HR , PVS Solar 5 HR ITC , PVS TBD Planned 2027 Solar , PVS TBD Planned 2029 Solar , Red Rock Solar , Redhawk 1 A , Redhawk 1 A_2030 , Redhawk 1 B , Redhawk 1 B_2030 , Redhawk 1 DB , Redhawk 1 DB_2030 , Redhawk 2 A , Redhawk 2 A_2030 , Redhawk 2 B , Redhawk 2 B_2030 , Redhawk 2 DB , Redhawk 2 DB_2030 , Redhawk  CT1 , Redhawk EPC CT1_2030 , Redhawk  CT2 , Redhawk EPC CT2_2030 , Redhawk  CT3 , Redhawk EPC CT3_2030 , Redhawk  CT4 , Redhawk EPC CT4_2030 , Redhawk  CT5 , Redhawk EPC CT5_2030 , Redhawk  CT6 , Redhawk EPC CT6_2030 , Redhawk  CT7 , Redhawk EPC CT7_2030 , Redhawk  CT8 , Redhawk EPC CT8_2030 , Redhawk Generating Station (ProEnergy Services) BTA , Redhawk Generating Station (ProEnergy Services) BTA_2030 , Saddle Mountain Solar , Saguaro CT 1 , Saguaro CT 2 , Saguaro CT 3 , Sawtooth Solar , Serrano_PVS_Solar , Short0Term Purch , Snowflake 1 PVS0Solar , Snowflake 2 PVS0Solar , Solana , South Point A , South Point B , South Point DB , Summer Purchase 1 , Summer Purchase 2 , SunStreams3 PVS0Solar , SunStreams4 PVS0Solar , Sundance CT 1 , Sundance CT 1_2030 , Sundance CT 10 , Sundance CT 10_2030 , Sundance CT 2 , Sundance CT 2_2030 , Sundance CT 3 , Sundance CT 3_2030 , Sundance CT 4 , Sundance CT 4_2030 , Sundance CT 5 , Sundance CT 5_2030 , Sundance CT 6 , Sundance CT 6_2030 , Sundance CT 7 , Sundance CT 7_2030 , Sundance CT 8 , Sundance CT 8_2030 , Sundance CT 9 , Sundance CT 9_2030 , Sundance CT11 , Sundance EPC 1_2030 , Sundance CT12 , Sundance EPC 2_2030 , TempGen , Utility Owned DE , Vitol_75 Summer 2022 , West Camp (100MW) (AES) , West Camp , West Phoenix CC1 , West Phoenix CC2 , West Phoenix CC3 , West Phoenix CC4 , West Phoenix CC5 A , West Phoenix CC5 B , West Phoenix CC5 DB , West Phoenix CT 1 , West Phoenix CT 2 , WM Landfill , Yucca CT 1 , Yucca CT 2 , Yucca CT 3 , Yucca CT 4 , Yucca CT 5 , Yucca CT 6 , Yuma PVS0Solar , Desert Sun CT 1 , Desert Sun CT 2 , Arv_CCH_1 , Arv_CCH_2 ,New CT Palo Verde,New CT Pinal,Generic H Frame Tolls ,New CC Pinal,New CC Palo Verde,Generic FC H Frame,Coal EXT 1 , Coal EXT 2 ,Saguaro DS CT1 , Saguaro DS CT2 , Cholla 1 Repower Gas , Cholla 3 Repower Gas , Newest Updated_LgFrameCT (Southline) (RETIRED) , Desert Sun CCH 1,Desert Sun CCH 2, Generic FC LgFrameCT 
2026,0,0,0,"13,621.47","14,890.46","13,621.47","14,890.46",0,0,0,0,0,0,0,0,0,2393,2782,0,0,0,0,0,0,"5,785.36",0,0,0,0,0,0,0,0,0,0,0,0,0,0,0,0,0,0,0,0,0,"11,882.56","11,882.56",0,0,0,0,0,0,0,0,0,0,0,0,0,0,0,0,0,0,0,0,0,0,0,0,0,0,0,0,0,"8,069.00","8,069.00","2,708.00","2,708.00","2,708.00","2,708.00","2,708.00",0,0,0,0,0,0,0,0,0,0,0,0,0,0,"5,536.79",0,"2,615.01",0,0,0,"5,536.79",0,"2,615.01",0,0,0,0,0,0,0,0,0,0,0,0,0,0,0,0,0,0,0,0,0,0,"8,069.00","8,069.00","4,573.00",0,0,0,0,0,0,0,0,0,0,0,0,0,"1,843.00",1843,"1,843.00",1843,"1,843.00",1843,"1,843.00",1843,"1,843.00",1843,"1,843.00",1843,"1,843.00",1843,"1,843.00",1843,"1,843.00",1843,"1,843.00",1843,1843,1843,1843,1843,0,0,0,0,0,"4,249.00","4,249.00","4,249.00","6,316.31","14,027.94","6,752.26",0,"8,069.00","8,069.00",0,"3,719.00","3,719.00","4,114.00","6,417.00",590,590,0,"14,835.71","14,835.71","24,348.33","24,348.33",45.86,45.86,47.51,47.51,47.51,47.51,0,0,45.86,45.86,2393,2782,45.86,47.51,47.51,45.86
2027,0,0,0,"14,030.11","15,262.73","14,030.11","15,262.73",0,0,0,0,0,0,0,0,0,2452.825,2851.55,0,0,0,0,0,0,"5,929.99",0,0,0,0,0,0,0,0,0,0,0,0,0,0,0,0,0,0,0,0,0,"12,239.04","12,239.04",0,0,0,0,0,0,0,0,0,0,0,0,0,0,0,0,0,0,0,0,0,0,0,0,0,0,0,0,0,"8,270.73","8,270.73","2,775.70","2,775.70","2,775.70","2,775.70","2,775.70",0,0,0,0,0,0,0,0,0,0,0,0,0,0,"5,675.22",0,"2,680.38",0,0,0,"5,675.22",0,"2,680.38",0,0,0,0,0,0,0,0,0,0,0,0,0,0,0,0,0,0,0,0,0,0,"8,270.73","8,270.73","4,687.33",0,0,0,0,0,0,0,0,0,0,0,0,0,"1,889.08",1889.075,"1,889.08",1889.075,"1,889.08",1889.075,"1,889.08",1889.075,"1,889.08",1889.075,"1,889.08",1889.075,"1,889.08",1889.075,"1,889.08",1889.075,"1,889.08",1889.075,"1,889.08",1889.075,"1,889.08",1889.075,"1,889.08",1889.075,0,0,0,0,0,"4,355.23","4,355.23","4,355.23","6,474.22","14,378.65","6,921.07",0,"8,270.73","8,270.73",0,"3,811.98","3,811.98","4,216.85","6,577.43",604.75,604.75,0,"15,207.74","15,207.74","24,957.03","24,957.03",47.01,47.01,48.7,48.7,48.7,48.7,0,0,47.01,47.01,2452.825,2851.55,47.01,48.7,48.7,47.01
2028,0,0,0,"14,451.02","15,644.29","14,451.02","15,644.29",0,0,0,0,0,0,0,0,0,2514.145625,2922.83875,0,0,0,0,0,0,"6,078.24",0,0,0,0,0,0,0,0,0,0,0,0,0,0,0,0,0,0,0,0,0,"12,606.21","12,606.21",0,0,0,0,0,0,0,0,0,0,0,0,0,0,0,0,0,0,0,0,0,0,0,0,0,0,0,0,0,"8,477.49","8,477.49","2,845.09","2,845.09","2,845.09","2,845.09","2,845.09",0,0,0,0,0,0,0,0,0,0,0,0,0,0,"5,817.09",0,"2,747.39",0,0,0,"5,817.09",0,"2,747.39",0,0,0,0,0,0,0,0,0,0,0,0,0,0,0,0,0,0,0,0,0,0,"8,477.49","8,477.49","4,804.51",0,0,0,0,0,0,0,0,0,0,0,0,0,"1,936.30",1936.301875,"1,936.30",1936.301875,"1,936.30",1936.301875,"1,936.30",1936.301875,"1,936.30",1936.301875,"1,936.30",1936.301875,"1,936.30",1936.301875,"1,936.30",1936.301875,"1,936.30",1936.301875,"1,936.30",1936.301875,"1,936.30",1936.301875,"1,936.30",1936.301875,0,0,0,0,0,"4,464.11","4,464.11","4,464.11","6,636.07","14,738.11","7,094.10",0,"8,477.49","8,477.49",0,"3,907.27","3,907.27","4,322.27","6,741.86",619.86875,619.86875,0,"15,586.23","15,586.23","25,580.96","25,580.96",48.18,48.18,49.91,49.91,49.91,49.91,0,0,48.18,48.18,2514.145625,2922.83875,48.18,49.91,49.91,48.18
2029,0,0,0,"14,884.55","16,934.58","14,884.55","16,934.58",0,0,0,0,0,0,0,0,0,2576.999266,2995.909719,0,0,0,0,0,0,"6,230.20",0,0,0,0,0,0,0,0,0,0,0,0,0,0,0,0,0,0,0,0,0,"12,984.39","12,984.39",0,0,0,0,0,0,0,0,0,0,0,0,0,0,0,0,0,0,0,0,0,0,0,0,0,0,0,0,0,"8,689.43","8,689.43","2,916.22","2,916.22","2,916.22","2,916.22","2,916.22",0,0,0,0,0,0,0,0,0,0,0,0,0,0,"5,962.52",0,"2,816.07",0,0,0,"5,962.52",0,"2,816.07",0,0,0,"2,308.98",0,"2,308.98",0,"2,308.98",0,"2,308.98",0,"2,308.98",0,"2,308.98",0,"2,308.98",0,"2,308.98",0,0,0,0,"8,689.43","8,689.43","4,924.62",0,0,0,0,0,0,0,0,0,0,0,0,0,"1,984.71",1984.709422,"1,984.71",1984.709422,"1,984.71",1984.709422,"1,984.71",1984.709422,"1,984.71",1984.709422,"1,984.71",1984.709422,"1,984.71",1984.709422,"1,984.71",1984.709422,"1,984.71",1984.709422,"1,984.71",1984.709422,"1,984.71",1984.709422,"1,984.71",1984.709422,0,0,0,0,0,"4,575.71","4,575.71","4,575.71","6,801.98","15,106.56","7,271.45",0,"8,689.43","8,689.43",0,"4,004.96","4,004.96","4,430.33","6,910.41",635.3654688,635.3654688,0,"15,977.67","15,977.67","26,220.48","26,220.48",49.39,49.39,51.16,51.16,51.16,51.16,0,0,49.39,49.39,2576.999266,2995.909719,49.39,51.16,51.16,49.39
2030,0,0,0,"15,331.09","17,357.95","15,331.09","17,357.95",0,0,0,0,0,0,0,0,0,2641.424247,3070.807462,0,0,0,0,0,0,"6,385.95",0,0,0,0,0,0,0,0,0,0,0,0,0,0,0,0,0,0,0,0,0,"13,373.93","13,373.93",0,0,0,0,0,0,0,0,0,0,0,0,0,0,0,0,0,0,0,0,0,0,0,0,0,0,0,0,0,"8,906.67","8,906.67","2,989.13","2,989.13","2,989.13","2,989.13","2,989.13",0,0,0,0,0,0,0,0,0,0,0,0,0,0,"6,111.58",0,"2,886.48",0,0,0,"6,111.58",0,"2,886.48",0,0,0,"2,366.49",0,"2,366.49",0,"2,366.49",0,"2,366.49",0,"2,366.49",0,"2,366.49",0,"2,366.49",0,"2,366.49",0,0,0,0,"8,906.67","8,906.67","5,047.74",0,0,0,0,0,0,0,0,0,0,0,0,0,"2,034.33",2034.327157,"2,034.33",2034.327157,"2,034.33",2034.327157,"2,034.33",2034.327157,"2,034.33",2034.327157,"2,034.33",2034.327157,"2,034.33",2034.327157,"2,034.33",2034.327157,"2,034.33",2034.327157,"2,034.33",2034.327157,"2,034.33",2034.327157,"2,034.33",2034.327157,0,0,0,0,0,"4,690.10","4,690.10","4,690.10","6,972.02","15,484.22","7,453.23",0,"8,906.67","8,906.67",0,"4,105.08","4,105.08","4,541.09","7,083.17",651.2496055,651.2496055,0,"16,375.57","16,375.57","26,876.00","26,876.00",50.62,50.62,52.44,52.44,52.44,52.44,0,0,50.62,50.62,2641.424247,3070.807462,50.62,52.44,52.44,50.62
2031,0,0,0,"15,791.02","17,791.90","15,791.02","17,791.90",0,0,0,0,0,0,0,0,0,2707.459853,3147.577648,0,0,0,0,0,0,"6,545.60",0,0,0,0,0,0,0,0,0,0,0,0,0,0,0,0,0,0,0,0,0,"13,775.14","13,775.14",0,0,0,0,0,0,0,0,0,0,0,0,0,0,0,0,0,0,0,0,0,0,0,0,0,0,0,0,0,"9,129.33","9,129.33","3,063.85","3,063.85","3,063.85","3,063.85","3,063.85",0,0,0,0,0,0,0,0,0,0,0,0,0,0,"6,264.38","4,726.56","2,958.64","4,726.56",0,"4,726.56","6,264.38","4,726.56","2,958.64","4,726.56",0,0,"2,425.86","2,425.86","2,425.86","2,425.86","2,425.86","2,425.86","2,425.86","2,425.86","2,425.86","2,425.86","2,425.86","2,425.86","2,425.86","2,425.86","2,425.86","2,425.86",0,0,0,"9,129.33","9,129.33","5,173.93",0,0,0,0,0,0,0,0,0,0,0,0,0,"2,085.19","2,085.19","2,085.19","2,085.19","2,085.19","2,085.19","2,085.19","2,085.19","2,085.19","2,085.19","2,085.19","2,085.19","2,085.19","2,085.19","2,085.19","2,085.19","2,085.19","2,085.19","2,085.19","2,085.19","2,085.19","2,085.19","2,085.19","2,085.19",0,0,0,0,0,"4,807.35","4,807.35","4,807.35","7,146.33","15,871.34","7,639.57",0,"9,129.33","9,129.33",0,"4,207.71","4,207.71","4,654.61","7,260.25",667.5308456,667.5308456,0,"16,786.42","16,786.42","27,547.90","27,547.90",51.89,51.89,53.75,53.75,53.75,53.75,0,0,51.89,51.89,2707.459853,3147.577648,51.89,53.75,53.75,51.89
2032,0,0,0,"16,264.75","18,236.69","16,264.75","18,236.69",0,0,0,0,0,0,0,0,0,2775.14635,3226.267089,0,0,0,0,0,0,"6,709.24",0,0,0,0,0,0,0,0,0,0,0,0,0,0,0,0,0,0,0,0,0,"14,188.40","14,188.40",0,0,0,0,0,0,0,0,0,0,0,0,0,0,0,0,0,0,0,0,0,0,0,0,0,0,0,0,0,"9,357.57","9,357.57","3,140.45","3,140.45","3,140.45","3,140.45","3,140.45",0,0,0,0,0,0,0,0,0,0,0,0,0,0,"6,420.98","4,845.24","3,032.61","4,845.24",0,"4,845.24","6,420.98","4,845.24","3,032.61","4,845.24",0,0,"2,486.17","2,486.17","2,486.17","2,486.17","2,486.17","2,486.17","2,486.17","2,486.17","2,486.17","2,486.17","2,486.17","2,486.17","2,486.17","2,486.17","2,486.17","2,486.17",0,0,0,"9,357.57","9,357.57","5,303.28",0,0,0,0,0,0,0,0,0,0,0,0,0,"2,137.31","2,137.31","2,137.31","2,137.31","2,137.31","2,137.31","2,137.31","2,137.31","2,137.31","2,137.31","2,137.31","2,137.31","2,137.31","2,137.31","2,137.31","2,137.31","2,137.31","2,137.31","2,137.31","2,137.31","2,137.31","2,137.31","2,137.31","2,137.31",0,0,0,0,0,"4,927.54","4,927.54","4,927.54","7,324.98","16,268.12","7,830.55",0,"9,357.57","9,357.57",0,"4,312.90","4,312.90","4,770.98","7,441.75",684.2191167,684.2191167,0,"17,203.73","17,203.73","28,236.59","28,236.59",53.18,53.18,55.1,55.1,55.1,55.1,0,0,53.18,53.18,2775.14635,3226.267089,53.18,55.1,55.1,53.18
2033,0,0,0,"16,752.69","18,692.61","16,752.69","18,692.61",0,0,0,0,0,0,0,0,0,2844.525009,3306.923767,0,0,0,0,0,0,"6,876.98",0,0,0,0,0,0,0,0,0,0,0,0,0,0,0,0,0,0,0,0,0,"14,614.05","14,614.05",0,0,0,0,0,0,0,0,0,0,0,0,0,0,0,0,0,0,0,0,0,0,0,0,0,0,0,0,0,"9,591.51","9,591.51","3,218.96","3,218.96","3,218.96","3,218.96","3,218.96",0,0,0,0,0,0,0,0,0,0,0,0,0,0,"6,581.51","4,966.50","3,108.42","4,966.50",0,"4,966.50","6,581.51","4,966.50","3,108.42","4,966.50",0,0,"2,548.34","2,548.34","2,548.34","2,548.34","2,548.34","2,548.34","2,548.34","2,548.34","2,548.34","2,548.34","2,548.34","2,548.34","2,548.34","2,548.34","2,548.34","2,548.34",0,0,0,"9,591.51","9,591.51","5,435.86",0,0,0,0,0,0,0,0,0,0,0,0,0,"2,190.75","2,190.75","2,190.75","2,190.75","2,190.75","2,190.75","2,190.75","2,190.75","2,190.75","2,190.75","2,190.75","2,190.75","2,190.75","2,190.75","2,190.75","2,190.75","2,190.75","2,190.75","2,190.75","2,190.75","2,190.75","2,190.75","2,190.75","2,190.75",0,0,0,0,0,"5,050.73","5,050.73","5,050.73","7,508.11","16,674.82","8,026.32",0,"9,591.51","9,591.51",0,"4,420.72","4,420.72","4,890.25","7,627.80",701.3245947,701.3245947,0,"17,633.99","17,633.99","28,942.51","28,942.51",54.51,54.51,56.47,56.47,56.47,56.47,0,0,54.51,54.51,2844.525009,3306.923767,54.51,56.47,56.47,54.51
2034,0,0,0,"17,255.27","19,159.93","17,255.27","19,159.93",0,0,0,0,0,0,0,0,0,2915.638134,3389.596861,0,0,0,0,0,0,"7,048.90",0,0,0,0,0,0,0,0,0,0,0,0,0,0,0,0,0,0,0,0,0,"15,052.47","15,052.47",0,0,0,0,0,0,0,0,0,0,0,0,0,0,0,0,0,0,0,0,0,0,0,0,0,0,0,0,0,"9,831.29","9,831.29","3,299.44","3,299.44","3,299.44","3,299.44","3,299.44",0,0,0,0,0,0,0,0,0,0,0,0,0,0,"6,746.05","5,090.34","3,186.13","5,090.34",0,"5,090.34","6,746.05","5,090.34","3,186.13","5,090.34",0,0,"2,612.39","2,612.39","2,612.39","2,612.39","2,612.39","2,612.39","2,612.39","2,612.39","2,612.39","2,612.39","2,612.39","2,612.39","2,612.39","2,612.39","2,612.39","2,612.39",0,0,0,"9,831.29","9,831.29","5,571.76",0,0,0,0,0,0,0,0,0,0,0,0,0,"2,245.52","2,245.52","2,245.52","2,245.52","2,245.52","2,245.52","2,245.52","2,245.52","2,245.52","2,245.52","2,245.52","2,245.52","2,245.52","2,245.52","2,245.52","2,245.52","2,245.52","2,245.52","2,245.52","2,245.52","2,245.52","2,245.52","2,245.52","2,245.52",0,0,0,0,0,"5,176.99","5,176.99","5,176.99","7,695.81","17,091.69","8,226.98",0,"9,831.29","9,831.29",0,"4,531.24","4,531.24","5,012.51","7,818.49",718.8577095,718.8577095,0,"18,077.18","18,077.18","29,666.07","29,666.07",55.88,55.88,57.89,57.89,57.89,57.89,0,0,55.88,55.88,2915.638134,3389.596861,55.88,57.89,57.89,55.88
2035,0,0,0,"17,772.93","19,638.92","17,772.93","19,638.92",0,0,0,0,0,0,0,0,0,2988.529087,3474.336782,0,0,0,0,0,0,"7,225.12",0,0,0,0,0,0,0,0,0,0,0,0,0,0,0,0,0,0,0,0,0,"15,504.04","15,504.04",0,0,0,0,0,0,0,0,0,0,0,0,0,0,0,0,0,0,0,0,0,0,0,0,0,0,0,0,0,"10,077.08","10,077.08","3,381.92","3,381.92","3,381.92","3,381.92","3,381.92",0,0,0,0,0,0,0,0,0,0,0,0,0,0,"6,914.70","5,216.76","3,265.78","5,216.76",0,"5,216.76","6,914.70","5,216.76","3,265.78","5,216.76",0,0,"2,677.37","2,677.37","2,677.37","2,677.37","2,677.37","2,677.37","2,677.37","2,677.37","2,677.37","2,677.37","2,677.37","2,677.37","2,677.37","2,677.37","2,677.37","2,677.37",0,0,0,"10,077.08","10,077.08","5,711.05",0,0,0,0,0,0,0,0,0,0,0,0,0,"2,301.65","2,301.65","2,301.65","2,301.65","2,301.65","2,301.65","2,301.65","2,301.65","2,301.65","2,301.65","2,301.65","2,301.65","2,301.65","2,301.65","2,301.65","2,301.65","2,301.65","2,301.65","2,301.65","2,301.65","2,301.65","2,301.65","2,301.65","2,301.65",0,0,0,0,0,"5,306.42","5,306.42","5,306.42","7,888.21","17,518.99","8,432.65",0,"10,077.08","10,077.08",0,"4,644.52","4,644.52","5,137.82","8,013.95",736.8291523,736.8291523,0,"18,526.85","18,526.85","30,407.72","30,407.72",57.27,57.27,59.33,59.33,59.33,59.33,0,0,57.27,57.27,2988.529087,3474.336782,57.27,59.33,59.33,57.27
2036,0,0,0,"18,306.12","20,129.90","18,306.12","20,129.90",0,0,0,0,0,0,0,0,0,3063.242314,3561.195202,0,0,0,0,0,0,"7,405.75",0,0,0,0,0,0,0,0,0,0,0,0,0,0,0,0,0,0,0,0,0,"15,969.17","15,969.17",0,0,0,0,0,0,0,0,0,0,0,0,0,0,0,0,0,0,0,0,0,0,0,0,0,0,0,0,0,10329.00219,10329.00219,"3,466.47","3,466.47","3,466.47","3,466.47","3,466.47",0,0,0,0,0,0,0,0,0,0,0,0,0,0,"7,087.57","5,348.34","3,347.43","5,348.34",0,"5,348.34","7,087.57","5,348.34","3,347.43","5,348.34",0,0,"2,744.23","2,744.23","2,744.23","2,744.23","2,744.23","2,744.23","2,744.23","2,744.23","2,744.23","2,744.23","2,744.23","2,744.23","2,744.23","2,744.23","2,744.23","2,744.23",0,0,0,10329.00219,10329.00219,"5,853.83",0,0,0,0,0,0,0,0,0,0,0,0,0,"2,359.20","2,359.20","2,359.20","2,359.20","2,359.20","2,359.20","2,359.20","2,359.20","2,359.20","2,359.20","2,359.20","2,359.20","2,359.20","2,359.20","2,359.20","2,359.20","2,359.20","2,359.20","2,359.20","2,359.20","2,359.20","2,359.20","2,359.20","2,359.20",0,0,0,0,0,"5,439.08","5,439.08","5,439.08","8,085.41","17,956.96","8,643.47",0,10329.00219,10329.00219,0,"4,760.63","4,760.63","5,266.27","8,214.30",755.2498811,755.2498811,0,"18,989.45","18,989.45","31,167.92","31,167.92",58.7,58.7,60.82,60.82,60.82,60.82,0,0,58.7,58.7,3063.242314,3561.195202,58.7,60.82,60.82,58.7
2037,0,0,0,"18,855.30","20,633.14","18,855.30","20,633.14",0,0,0,0,0,0,0,0,0,3139.823372,3650.225082,0,0,0,0,0,0,"7,590.89",0,0,0,0,0,0,0,0,0,0,0,0,0,0,0,0,0,0,0,0,0,"16,448.24","16,448.24",0,0,0,0,0,0,0,0,0,0,0,0,0,0,0,0,0,0,0,0,0,0,0,0,0,0,0,0,0,10587.22724,10587.22724,"3,553.13","3,553.13","3,553.13","3,553.13","3,553.13",0,0,0,0,0,0,0,0,0,0,0,0,0,0,"7,264.75","5,482.50","3,431.11","5,482.50",0,"5,482.50","7,264.75","5,482.50","3,431.11","5,482.50",0,0,"2,812.95","2,812.95","2,812.95","2,812.95","2,812.95","2,812.95","2,812.95","2,812.95","2,812.95","2,812.95","2,812.95","2,812.95","2,812.95","2,812.95","2,812.95","2,812.95",0,0,0,10587.22724,10587.22724,"6,000.17",0,0,0,0,0,0,0,0,0,0,0,0,0,"2,418.18","2,418.18","2,418.18","2,418.18","2,418.18","2,418.18","2,418.18","2,418.18","2,418.18","2,418.18","2,418.18","2,418.18","2,418.18","2,418.18","2,418.18","2,418.18","2,418.18","2,418.18","2,418.18","2,418.18","2,418.18","2,418.18","2,418.18","2,418.18",0,0,0,0,0,"5,575.06","5,575.06","5,575.06","8,287.55","18,405.88","8,859.55",0,10587.22724,10587.22724,0,"4,879.65","4,879.65","5,397.92","8,419.66",774.1311281,774.1311281,0,"19,465.00","19,465.00","31,947.11","31,947.11",60.17,60.17,62.34,62.34,62.34,62.34,0,0,60.17,60.17,3139.823372,3650.225082,60.17,62.34,62.34,60.17
2038,0,0,0,"19,420.96","21,148.97","19,420.96","21,148.97",0,0,0,0,0,0,0,0,0,3218.318956,3741.480709,0,0,0,0,0,0,"7,780.67",0,0,0,0,0,0,0,0,0,0,0,0,0,0,0,0,0,0,0,0,0,"16,941.69","16,941.69",0,0,0,0,0,0,0,0,0,0,0,0,0,0,0,0,0,0,0,0,0,0,0,0,0,0,0,0,0,10851.90792,10851.90792,"3,641.96","3,641.96","3,641.96","3,641.96","3,641.96",0,0,0,0,0,0,0,0,0,0,0,0,0,0,"7,446.37","5,619.24","3,516.89","5,619.24",0,"5,619.24","7,446.37","5,619.24","3,516.89","5,619.24",0,0,"2,883.54","2,883.54","2,883.54","2,883.54","2,883.54","2,883.54","2,883.54","2,883.54","2,883.54","2,883.54","2,883.54","2,883.54","2,883.54","2,883.54","2,883.54","2,883.54",0,0,0,10851.90792,10851.90792,"6,150.18",0,0,0,0,0,0,0,0,0,0,0,0,0,"2,478.63","2,478.63","2,478.63","2,478.63","2,478.63","2,478.63","2,478.63","2,478.63","2,478.63","2,478.63","2,478.63","2,478.63","2,478.63","2,478.63","2,478.63","2,478.63","2,478.63","2,478.63","2,478.63","2,478.63","2,478.63","2,478.63","2,478.63","2,478.63",0,0,0,0,0,"5,714.43","5,714.43","5,714.43","8,494.73","18,866.03","9,081.04",0,10851.90792,10851.90792,0,"5,001.64","5,001.64","5,532.87","8,630.15",793.4844063,793.4844063,0,"19,953.48","19,953.48","32,745.79","32,745.79",61.68,61.68,63.89,63.89,63.89,63.89,0,0,61.68,61.68,3218.318956,3741.480709,61.68,63.89,63.89,61.68
2039,0,0,0,"20,003.59","21,677.70","20,003.59","21,677.70",0,0,0,0,0,0,0,0,0,3298.77693,3835.017727,0,0,0,0,0,0,"7,975.18",0,0,0,0,0,0,0,0,0,0,0,0,0,0,0,0,0,0,0,0,0,"17,449.94","17,449.94",0,0,0,0,0,0,0,0,0,0,0,0,0,0,0,0,0,0,0,0,0,0,0,0,0,0,0,0,0,11123.20562,11123.20562,"3,733.01","3,733.01","3,733.01","3,733.01","3,733.01",0,0,0,0,0,0,0,0,0,0,0,0,0,0,"7,632.53","5,758.56","3,604.81","5,758.56",0,"5,758.56","7,632.53","5,758.56","3,604.81","5,758.56",0,0,"2,955.54","2,955.54","2,955.54","2,955.54","2,955.54","2,955.54","2,955.54","2,955.54","2,955.54","2,955.54","2,955.54","2,955.54","2,955.54","2,955.54","2,955.54","2,955.54",0,0,0,11123.20562,11123.20562,"6,303.93",0,0,0,0,0,0,0,0,0,0,0,0,0,"2,540.60","2,540.60","2,540.60","2,540.60","2,540.60","2,540.60","2,540.60","2,540.60","2,540.60","2,540.60","2,540.60","2,540.60","2,540.60","2,540.60","2,540.60","2,540.60","2,540.60","2,540.60","2,540.60","2,540.60","2,540.60","2,540.60","2,540.60","2,540.60",0,0,0,0,0,"5,857.29","5,857.29","5,857.29","8,707.10","19,337.67","9,308.07",0,11123.20562,11123.20562,0,"5,126.68","5,126.68","5,671.19","8,845.91",813.3215165,813.3215165,0,"20,451.67","20,451.67","33,564.44","33,564.44",63.22,63.22,65.49,65.49,65.49,65.49,0,0,63.22,63.22,3298.77693,3835.017727,63.22,65.49,65.49,63.22
2040,0,0,0,"20,603.70","22,219.64","20,603.70","22,219.64",0,0,0,0,0,0,0,0,0,3381.246354,3930.89317,0,0,0,0,0,0,"8,174.56",0,0,0,0,0,0,0,0,0,0,0,0,0,0,0,0,0,0,0,0,0,"17,973.44","17,973.44",0,0,0,0,0,0,0,0,0,0,0,0,0,0,0,0,0,0,0,0,0,0,0,0,0,0,0,0,0,11401.28576,11401.28576,"3,826.33","3,826.33","3,826.33","3,826.33","3,826.33",0,0,0,0,0,0,0,0,0,0,0,0,0,0,"7,823.35","5,903.04","3,694.94","5,903.04",0,"5,903.04","7,823.35","5,903.04","3,694.94","5,903.04",0,0,"3,029.40","3,029.40","3,029.40","3,029.40","3,029.40","3,029.40","3,029.40","3,029.40","3,029.40","3,029.40","3,029.40","3,029.40","3,029.40","3,029.40","3,029.40","3,029.40",0,0,0,11401.28576,11401.28576,"6,461.53",0,0,0,0,0,0,0,0,0,0,0,0,0,"2,604.11","2,604.11","2,604.11","2,604.11","2,604.11","2,604.11","2,604.11","2,604.11","2,604.11","2,604.11","2,604.11","2,604.11","2,604.11","2,604.11","2,604.11","2,604.11","2,604.11","2,604.11","2,604.11","2,604.11","2,604.11","2,604.11","2,604.11","2,604.11",0,0,0,0,0,"6,003.73","6,003.73","6,003.73","8,924.78","19,821.12","9,540.77",0,11401.28576,11401.28576,0,"5,254.85","5,254.85","5,812.97","9,067.05",833.6545544,833.6545544,0,"20,962.80","20,962.80","34,403.55","34,403.55",64.8,64.8,67.13,67.13,67.13,67.13,0,0,64.8,64.8,3381.246354,3930.89317,64.8,67.13,67.13,64.8
2041,0,0,0,"21,221.81","22,775.13","21,221.81","22,775.13",0,0,0,0,0,0,0,0,0,3465.777512,4029.165499,0,0,0,0,0,0,"8,378.93",0,0,0,0,0,0,0,0,0,0,0,0,0,0,0,0,0,0,0,0,0,"18,512.64","18,512.64",0,0,0,0,0,0,0,0,0,0,0,0,0,0,0,0,0,0,0,0,0,0,0,0,0,0,0,0,0,11686.31791,11686.31791,"3,921.99","3,921.99","3,921.99","3,921.99","3,921.99",0,0,0,0,0,0,0,0,0,0,0,0,0,0,"8,018.93","6,050.10","3,787.31","6,050.10",0,"6,050.10","8,018.93","6,050.10","3,787.31","6,050.10",0,0,"3,105.14","3,105.14","3,105.14","3,105.14","3,105.14","3,105.14","3,105.14","3,105.14","3,105.14","3,105.14","3,105.14","3,105.14","3,105.14","3,105.14","3,105.14","3,105.14",0,0,0,11686.31791,11686.31791,"6,623.07",0,0,0,0,0,0,0,0,0,0,0,0,0,"2,669.21","2,669.21","2,669.21","2,669.21","2,669.21","2,669.21","2,669.21","2,669.21","2,669.21","2,669.21","2,669.21","2,669.21","2,669.21","2,669.21","2,669.21","2,669.21","2,669.21","2,669.21","2,669.21","2,669.21","2,669.21","2,669.21","2,669.21","2,669.21",0,0,0,0,0,"6,153.82","6,153.82","6,153.82","9,147.90","20,316.64","9,779.29",0,11686.31791,11686.31791,0,"5,386.22","5,386.22","5,958.30","9,293.73",854.4959182,854.4959182,0,"21,486.87","21,486.87","35,263.64","35,263.64",66.42,66.42,68.81,68.81,68.81,68.81,0,0,66.42,66.42,3465.777512,4029.165499,66.42,68.81,68.81,66.42
2042,0,0,0,"21,858.46","23,344.51","21,858.46","23,344.51",0,0,0,0,0,0,0,0,0,3552.42195,4129.894637,0,0,0,0,0,0,"8,588.40",0,0,0,0,0,0,0,0,0,0,0,0,0,0,0,0,0,0,0,0,0,"19,068.02","19,068.02",0,0,0,0,0,0,0,0,0,0,0,0,0,0,0,0,0,0,0,0,0,0,0,0,0,0,0,0,0,11978.47585,11978.47585,"4,020.04","4,020.04","4,020.04","4,020.04","4,020.04",0,0,0,0,0,0,0,0,0,0,0,0,0,0,"8,219.40","6,202.32","3,881.99","6,202.32",0,"6,202.32","8,219.40","6,202.32","3,881.99","6,202.32",0,0,"3,182.74","3,182.74","3,182.74","3,182.74","3,182.74","3,182.74","3,182.74","3,182.74","3,182.74","3,182.74","3,182.74","3,182.74","3,182.74","3,182.74","3,182.74","3,182.74",0,0,0,11978.47585,11978.47585,"6,788.64",0,0,0,0,0,0,0,0,0,0,0,0,0,"2,735.94","2,735.94","2,735.94","2,735.94","2,735.94","2,735.94","2,735.94","2,735.94","2,735.94","2,735.94","2,735.94","2,735.94","2,735.94","2,735.94","2,735.94","2,735.94","2,735.94","2,735.94","2,735.94","2,735.94","2,735.94","2,735.94","2,735.94","2,735.94",0,0,0,0,0,"6,307.66","6,307.66","6,307.66","9,376.60","20,824.57","10,023.77",0,11978.47585,11978.47585,0,"5,520.88","5,520.88","6,107.26","9,526.07",875.8583162,875.8583162,0,"22,023.88","22,023.88","36,145.23","36,145.23",68.08,68.08,70.53,70.53,70.53,70.53,0,0,68.08,68.08,3552.42195,4129.894637,68.08,70.53,70.53,68.08
2043,0,0,0,"22,514.21","23,928.12","22,514.21","23,928.12",0,0,0,0,0,0,0,0,0,3641.232499,4233.142003,0,0,0,0,0,0,"8,803.11",0,0,0,0,0,0,0,0,0,0,0,0,0,0,0,0,0,0,0,0,0,"19,640.06","19,640.06",0,0,0,0,0,0,0,0,0,0,0,0,0,0,0,0,0,0,0,0,0,0,0,0,0,0,0,0,0,12277.93775,12277.93775,"4,120.54","4,120.54","4,120.54","4,120.54","4,120.54",0,0,0,0,0,0,0,0,0,0,0,0,0,0,"9,072.68","6,357.12","4,284.99","6,357.12",0,"6,357.12","9,072.68","6,357.12","4,284.99","6,357.12",0,0,"3,262.22","3,262.22","3,262.22","3,262.22","3,262.22","3,262.22","3,262.22","3,262.22","3,262.22","3,262.22","3,262.22","3,262.22","3,262.22","3,262.22","3,262.22","3,262.22",0,0,0,12277.93775,12277.93775,"6,958.36",0,0,0,0,0,0,0,0,0,0,0,0,0,"2,804.34","2,804.34","2,804.34","2,804.34","2,804.34","2,804.34","2,804.34","2,804.34","2,804.34","2,804.34","2,804.34","2,804.34","2,804.34","2,804.34","2,804.34","2,804.34","2,804.34","2,804.34","2,804.34","2,804.34","2,804.34","2,804.34","2,804.34","2,804.34",0,0,0,0,0,"6,465.36","6,465.36","6,465.36","9,611.01","22,986.43","11,064.37",0,12277.93775,12277.93775,0,"5,658.90","5,658.90","6,259.94","9,764.22",897.7547741,897.7547741,0,"22,573.83","22,573.83","37,048.86","37,048.86",69.78,69.78,72.29,72.29,72.29,72.29,0,0,69.78,69.78,3641.232499,4233.142003,69.78,72.29,72.29,69.78
2044,0,0,0,"23,189.64","24,526.32","23,189.64","24,526.32",0,0,0,0,0,0,0,0,0,3732.263311,4338.970553,0,0,0,0,0,0,"9,023.19",0,0,0,0,0,0,0,0,0,0,0,0,0,0,0,0,0,0,0,0,0,"20,229.26","20,229.26",0,0,0,0,0,0,0,0,0,0,0,0,0,0,0,0,0,0,0,0,0,0,0,0,0,0,0,0,0,12584.88619,12584.88619,"4,223.56","4,223.56","4,223.56","4,223.56","4,223.56",0,0,0,0,0,0,0,0,0,0,0,0,0,0,"9,299.50","6,517.08","4,392.12","6,517.08",0,"6,517.08","9,299.50","6,517.08","4,392.12","6,517.08",0,0,"3,344.03","3,344.03","3,344.03","3,344.03","3,344.03","3,344.03","3,344.03","3,344.03","3,344.03","3,344.03","3,344.03","3,344.03","3,344.03","3,344.03","3,344.03","3,344.03",0,0,0,12584.88619,12584.88619,"7,132.32",0,0,0,0,0,0,0,0,0,0,0,0,0,"2,874.45","2,874.45","2,874.45","2,874.45","2,874.45","2,874.45","2,874.45","2,874.45","2,874.45","2,874.45","2,874.45","2,874.45","2,874.45","2,874.45","2,874.45","2,874.45","2,874.45","2,874.45","2,874.45","2,874.45","2,874.45","2,874.45","2,874.45","2,874.45",0,0,0,0,0,"6,626.99","6,626.99","6,626.99","9,851.29","23,561.09","11,340.98",0,12584.88619,12584.88619,0,"5,800.37","5,800.37","6,416.44","10,008.33",920.1986434,920.1986434,0,"23,139.96","23,139.96","37,975.08","37,975.08",71.53,71.53,74.1,74.1,74.1,74.1,0,0,71.53,71.53,3732.263311,4338.970553,71.53,74.1,74.1,71.53
2045,0,0,0,"23,885.33","25,139.48","23,885.33","25,139.48",0,0,0,0,0,0,0,0,0,3825.569894,4447.444816,0,0,0,0,0,0,"9,248.77",0,0,0,0,0,0,0,0,0,0,0,0,0,0,0,0,0,0,0,0,0,"20,836.14","20,836.14",0,0,0,0,0,0,0,0,0,0,0,0,0,0,0,0,0,0,0,0,0,0,0,0,0,0,0,0,0,12899.50835,12899.50835,4329.144703,4329.144703,4329.144703,4329.144703,4329.144703,0,0,0,0,0,0,0,0,0,0,0,0,0,0,"9,531.99","6,517.08","4,501.92","6,517.08",0,"6,517.08","9,531.99","6,517.08","4,501.92","6,517.08",0,0,"3,344.03","3,344.03","3,344.03","3,344.03","3,344.03","3,344.03","3,344.03","3,344.03","3,344.03","3,344.03","3,344.03","3,344.03","3,344.03","3,344.03","3,344.03","3,344.03",0,0,0,12899.50835,12899.50835,"7,310.63",0,0,0,0,0,0,0,0,0,0,0,0,0,"2,946.31","2,946.31","2,946.31","2,946.31","2,946.31","2,946.31","2,946.31","2,946.31","2,946.31","2,946.31","2,946.31","2,946.31","2,946.31","2,946.31","2,946.31","2,946.31","2,946.31","2,946.31","2,946.31","2,946.31","2,946.31","2,946.31","2,946.31","2,946.31",0,0,0,0,0,"6,792.66","6,792.66","6,792.66","10,097.57","24,150.11","11,624.50",0,12899.50835,12899.50835,0,"5,945.38","5,945.38","6,576.85","10,258.54",943.2036095,943.2036095,0,"23,139.96","23,139.96","38,924.46","38,924.46",71.53,71.53,75.95,75.95,75.95,75.95,0,0,71.53,71.53,3825.569894,4447.444816,71.53,75.95,75.95,71.53
2046,0,0,0,"24,601.89","25,767.97","24,601.89","25,767.97",0,0,0,0,0,0,0,0,0,3921.209142,4558.630937,0,0,0,0,0,0,"9,479.99",0,0,0,0,0,0,0,0,0,0,0,0,0,0,0,0,0,0,0,0,0,"21,461.22","21,461.22",0,0,0,0,0,0,0,0,0,0,0,0,0,0,0,0,0,0,0,0,0,0,0,0,0,0,0,0,0,13221.99606,13221.99606,4437.37332,4437.37332,4437.37332,4437.37332,4437.37332,0,0,0,0,0,0,0,0,0,0,0,0,0,0,"9,770.28","6,517.08","4,614.47","6,517.08",0,"6,517.08","9,770.28","6,517.08","4,614.47","6,517.08",0,0,"3,344.03","3,344.03","3,344.03","3,344.03","3,344.03","3,344.03","3,344.03","3,344.03","3,344.03","3,344.03","3,344.03","3,344.03","3,344.03","3,344.03","3,344.03","3,344.03",0,0,0,13221.99606,13221.99606,"7,493.39",0,0,0,0,0,0,0,0,0,0,0,0,0,"3,019.97","3,019.97","3,019.97","3,019.97","3,019.97","3,019.97","3,019.97","3,019.97","3,019.97","3,019.97","3,019.97","3,019.97","3,019.97","3,019.97","3,019.97","3,019.97","3,019.97","3,019.97","3,019.97","3,019.97","3,019.97","3,019.97","3,019.97","3,019.97",0,0,0,0,0,"6,962.48","6,962.48","6,962.48","10,350.01","24,753.86","11,915.11",0,13221.99606,13221.99606,0,"6,094.01","6,094.01","6,741.27","10,515.00",966.7836998,966.7836998,0,"23,139.96","23,139.96","39,897.57","39,897.57",71.53,71.53,77.85,77.85,77.85,77.85,0,0,71.53,71.53,3921.209142,4558.630937,71.53,77.85,77.85,71.53
2047,0,0,0,0,"26,412.17",0,"26,412.17",0,0,0,0,0,0,0,0,0,4019.23937,4672.59671,0,0,0,0,0,0,"9,716.99",0,0,0,0,0,0,0,0,0,0,0,0,0,0,0,0,0,0,0,0,0,0,0,0,0,0,0,0,0,0,0,0,0,0,0,0,0,0,0,0,0,0,0,0,0,0,0,0,0,0,0,0,13552.54596,13552.54596,4548.307653,4548.307653,4548.307653,4548.307653,4548.307653,0,0,0,0,0,0,0,0,0,0,0,0,0,0,0,"6,517.08",0,"6,517.08",0,"6,517.08",0,"6,517.08",0,"6,517.08",0,0,"3,344.03","3,344.03","3,344.03","3,344.03","3,344.03","3,344.03","3,344.03","3,344.03","3,344.03","3,344.03","3,344.03","3,344.03","3,344.03","3,344.03","3,344.03","3,344.03",0,0,0,13552.54596,13552.54596,"7,680.73",0,0,0,0,0,0,0,0,0,0,0,0,0,"3,095.47","3,095.47","3,095.47","3,095.47","3,095.47","3,095.47","3,095.47","3,095.47","3,095.47","3,095.47","3,095.47","3,095.47","3,095.47","3,095.47","3,095.47","3,095.47","3,095.47","3,095.47","3,095.47","3,095.47","3,095.47","3,095.47","3,095.47","3,095.47",0,0,0,0,0,"7,136.54","7,136.54","7,136.54","10,608.76",0,0,0,13552.54596,13552.54596,0,"6,246.36","6,246.36","6,909.80","10,777.88",990.9532923,990.9532923,0,"23,139.96","23,139.96","40,895.01","40,895.01",71.53,71.53,79.8,79.8,79.8,79.8,0,0,71.53,71.53,4019.23937,4672.59671,71.53,79.8,79.8,71.53
2048,0,0,0,0,"27,072.47",0,"27,072.47",0,0,0,0,0,0,0,0,0,4119.720354,4789.411628,0,0,0,0,0,0,"9,959.91",0,0,0,0,0,0,0,0,0,0,0,0,0,0,0,0,0,0,0,0,0,0,0,0,0,0,0,0,0,0,0,0,0,0,0,0,0,0,0,0,0,0,0,0,0,0,0,0,0,0,0,0,13891.35961,13891.35961,4662.015345,4662.015345,4662.015345,4662.015345,4662.015345,0,0,0,0,0,0,0,0,0,0,0,0,0,0,0,"6,517.08",0,"6,517.08",0,"6,517.08",0,"6,517.08",0,"6,517.08",0,0,"3,344.03","3,344.03","3,344.03","3,344.03","3,344.03","3,344.03","3,344.03","3,344.03","3,344.03","3,344.03","3,344.03","3,344.03","3,344.03","3,344.03","3,344.03","3,344.03",0,0,0,13891.35961,13891.35961,"7,872.75",0,0,0,0,0,0,0,0,0,0,0,0,0,"3,172.86","3,172.86","3,172.86","3,172.86","3,172.86","3,172.86","3,172.86","3,172.86","3,172.86","3,172.86","3,172.86","3,172.86","3,172.86","3,172.86","3,172.86","3,172.86","3,172.86","3,172.86","3,172.86","3,172.86","3,172.86","3,172.86","3,172.86","3,172.86",0,0,0,0,0,"7,314.96","7,314.96","7,314.96","10,873.98",0,0,0,13891.35961,13891.35961,0,"6,402.52","6,402.52","7,082.54","11,047.32",1015.727125,1015.727125,0,"23,139.96","23,139.96","41,917.38","41,917.38",71.53,71.53,81.79,81.79,81.79,81.79,0,0,71.53,71.53,4119.720354,4789.411628,71.53,81.79,81.79,71.53
2049,0,0,0,0,"26,275.87",0,"26,275.87",0,0,0,0,0,0,0,0,0,4222.713363,4909.146919,0,0,0,0,0,0,"10,208.91",0,0,0,0,0,0,0,0,0,0,0,0,0,0,0,0,0,0,0,0,0,0,0,0,0,0,0,0,0,0,0,0,0,0,0,0,0,0,0,0,0,0,0,0,0,0,0,0,0,0,0,0,14238.6436,14238.6436,4778.565728,4778.565728,4778.565728,4778.565728,4778.565728,0,0,0,0,0,0,0,0,0,0,0,0,0,0,0,"6,517.08",0,"6,517.08",0,"6,517.08",0,"6,517.08",0,"6,517.08",0,0,"3,344.03","3,344.03","3,344.03","3,344.03","3,344.03","3,344.03","3,344.03","3,344.03","3,344.03","3,344.03","3,344.03","3,344.03","3,344.03","3,344.03","3,344.03","3,344.03",0,0,0,14238.6436,14238.6436,"8,069.56",0,0,0,0,0,0,0,0,0,0,0,0,0,"3,252.18","3,252.18","3,252.18","3,252.18","3,252.18","3,252.18","3,252.18","3,252.18","3,252.18","3,252.18","3,252.18","3,252.18","3,252.18","3,252.18","3,252.18","3,252.18","3,252.18","3,252.18","3,252.18","3,252.18","3,252.18","3,252.18","3,252.18","3,252.18",0,0,0,0,0,"7,497.83","7,497.83","7,497.83","11,145.83",0,0,0,14238.6436,14238.6436,0,"6,562.59","6,562.59","7,259.61","11,323.51",1041.120303,1041.120303,0,"23,139.96","23,139.96","42,965.32","42,965.32",71.53,71.53,83.83,83.83,83.83,83.83,0,0,71.53,71.53,4222.713363,4909.146919,71.53,83.83,83.83,71.53
2050,0,0,0,0,"26,932.77",0,"26,932.77",0,0,0,0,0,0,0,0,0,4328.281197,5031.875592,0,0,0,0,0,0,"10,464.13",0,0,0,0,0,0,0,0,0,0,0,0,0,0,0,0,0,0,0,0,0,0,0,0,0,0,0,0,0,0,0,0,0,0,0,0,0,0,0,0,0,0,0,0,0,0,0,0,0,0,0,0,14594.60969,14594.60969,4898.029871,4898.029871,4898.029871,4898.029871,4898.029871,0,0,0,0,0,0,0,0,0,0,0,0,0,0,0,"6,517.08",0,"6,517.08",0,"6,517.08",0,"6,517.08",0,"6,517.08",0,0,"3,344.03","3,344.03","3,344.03","3,344.03","3,344.03","3,344.03","3,344.03","3,344.03","3,344.03","3,344.03","3,344.03","3,344.03","3,344.03","3,344.03","3,344.03","3,344.03",0,0,0,14594.60969,14594.60969,"8,271.30",0,0,0,0,0,0,0,0,0,0,0,0,0,"3,333.48","3,333.48","3,333.48","3,333.48","3,333.48","3,333.48","3,333.48","3,333.48","3,333.48","3,333.48","3,333.48","3,333.48","3,333.48","3,333.48","3,333.48","3,333.48","3,333.48","3,333.48","3,333.48","3,333.48","3,333.48","3,333.48","3,333.48","3,333.48",0,0,0,0,0,"7,685.28","7,685.28","7,685.28","11,424.47",0,0,0,14594.60969,14594.60969,0,"6,726.65","6,726.65","7,441.10","11,606.59",1067.14831,1067.14831,0,"23,139.96","23,139.96","44,039.45","44,039.45",71.53,71.53,85.93,85.93,85.93,85.93,0,0,71.53,71.53,4328.281197,5031.875592,71.53,85.93,85.93,71.53
2051,0,0,0,0,"27,606.09",0,"27,606.09",0,0,0,0,0,0,0,0,0,4436.488227,5157.672482,0,0,0,0,0,0,"10,725.73",0,0,0,0,0,0,0,0,0,0,0,0,0,0,0,0,0,0,0,0,0,0,0,0,0,0,0,0,0,0,0,0,0,0,0,0,0,0,0,0,0,0,0,0,0,0,0,0,0,0,0,0,14959.47493,14959.47493,5020.480618,5020.480618,5020.480618,5020.480618,5020.480618,0,0,0,0,0,0,0,0,0,0,0,0,0,0,0,"6,517.08",0,"6,517.08",0,"6,517.08",0,"6,517.08",0,"6,517.08",0,0,"3,344.03","3,344.03","3,344.03","3,344.03","3,344.03","3,344.03","3,344.03","3,344.03","3,344.03","3,344.03","3,344.03","3,344.03","3,344.03","3,344.03","3,344.03","3,344.03",0,0,0,14959.47493,14959.47493,"8,478.09",0,0,0,0,0,0,0,0,0,0,0,0,0,"3,416.82","3,416.82","3,416.82","3,416.82","3,416.82","3,416.82","3,416.82","3,416.82","3,416.82","3,416.82","3,416.82","3,416.82","3,416.82","3,416.82","3,416.82","3,416.82","3,416.82","3,416.82","3,416.82","3,416.82","3,416.82","3,416.82","3,416.82","3,416.82",0,0,0,0,0,"7,877.41","7,877.41","7,877.41","11,710.09",0,0,0,14959.47493,14959.47493,0,"6,894.82","6,894.82","7,627.13","11,896.76",1093.827018,1093.827018,0,"23,139.96","23,139.96","45,140.43","45,140.43",71.53,71.53,88.08,88.08,88.08,88.08,0,0,71.53,71.53,4436.488227,5157.672482,71.53,88.08,88.08,71.53
2052,0,0,0,0,"28,296.24",0,"28,296.24",0,0,0,0,0,0,0,0,0,4547.400433,5286.614294,0,0,0,0,0,0,"10,993.88",0,0,0,0,0,0,0,0,0,0,0,0,0,0,0,0,0,0,0,0,0,0,0,0,0,0,0,0,0,0,0,0,0,0,0,0,0,0,0,0,0,0,0,0,0,0,0,0,0,0,0,0,15333.4618,15333.4618,5145.992634,5145.992634,5145.992634,5145.992634,5145.992634,0,0,0,0,0,0,0,0,0,0,0,0,0,0,0,"6,517.08",0,"6,517.08",0,"6,517.08",0,"6,517.08",0,"6,517.08",0,0,"3,344.03","3,344.03","3,344.03","3,344.03","3,344.03","3,344.03","3,344.03","3,344.03","3,344.03","3,344.03","3,344.03","3,344.03","3,344.03","3,344.03","3,344.03","3,344.03",0,0,0,15333.4618,15333.4618,"8,690.04",0,0,0,0,0,0,0,0,0,0,0,0,0,"3,502.24","3,502.24","3,502.24","3,502.24","3,502.24","3,502.24","3,502.24","3,502.24","3,502.24","3,502.24","3,502.24","3,502.24","3,502.24","3,502.24","3,502.24","3,502.24","3,502.24","3,502.24","3,502.24","3,502.24","3,502.24","3,502.24","3,502.24","3,502.24",0,0,0,0,0,"8,074.34","8,074.34","8,074.34","12,002.84",0,0,0,15333.4618,15333.4618,0,"7,067.19","7,067.19","7,817.80","12,194.18",1121.172693,1121.172693,0,"23,139.96","23,139.96","46,268.95","46,268.95",71.53,71.53,90.28,90.28,90.28,90.28,0,0,71.53,71.53,4547.400433,5286.614294,71.53,90.28,90.28,71.53
2053,0,0,0,0,"29,003.65",0,"29,003.65",0,0,0,0,0,0,0,0,0,4661.085444,5418.779651,0,0,0,0,0,0,"11,268.72",0,0,0,0,0,0,0,0,0,0,0,0,0,0,0,0,0,0,0,0,0,0,0,0,0,0,0,0,0,0,0,0,0,0,0,0,0,0,0,0,0,0,0,0,0,0,0,0,0,0,0,0,15716.79835,15716.79835,5274.64245,5274.64245,5274.64245,5274.64245,5274.64245,0,0,0,0,0,0,0,0,0,0,0,0,0,0,0,"6,517.08",0,"6,517.08",0,"6,517.08",0,"6,517.08",0,"6,517.08",0,0,"3,344.03","3,344.03","3,344.03","3,344.03","3,344.03","3,344.03","3,344.03","3,344.03","3,344.03","3,344.03","3,344.03","3,344.03","3,344.03","3,344.03","3,344.03","3,344.03",0,0,0,15716.79835,15716.79835,"8,907.29",0,0,0,0,0,0,0,0,0,0,0,0,0,"3,589.80","3,589.80","3,589.80","3,589.80","3,589.80","3,589.80","3,589.80","3,589.80","3,589.80","3,589.80","3,589.80","3,589.80","3,589.80","3,589.80","3,589.80","3,589.80","3,589.80","3,589.80","3,589.80","3,589.80","3,589.80","3,589.80","3,589.80","3,589.80",0,0,0,0,0,"8,276.20","8,276.20","8,276.20","12,302.91",0,0,0,15716.79835,15716.79835,0,"7,243.87","7,243.87","8,013.25","12,499.03",1149.202011,1149.202011,0,"23,139.96","23,139.96","47,425.67","47,425.67",71.53,71.53,92.54,92.54,92.54,92.54,0,0,71.53,71.53,4661.085444,5418.779651,71.53,92.54,92.54,71.53
