Year,Agave PVS Solar,Aragonne,Arlington A,Arlington B,Arlington DB,ARV_CCH_1,ARV_CCH_2,Badger 1,Cholla 1,Cholla 3,DESERT SUN CT 1,DESERT SUN CT 2,Douglas,Four Corners 4,Four Corners 5,Future LM6000 CT 1,Future LM6000 CT 10,Future LM6000 CT 11,Future LM6000 CT 12,Future LM6000 CT 2,Future LM6000 CT 3,Future LM6000 CT 4,Future LM6000 CT 5,Future LM6000 CT 6,Future LM6000 CT 7,Future LM6000 CT 8,Future LM6000 CT 9,Gillespie 1 Solar,Griffith A,Griffith B,Griffith DB,High Lonesome,Ironwood PVS-Solar,Microgrid - FUTURE,Microgrid XHLF,Microgrid Forrest Lakes,Microgrid Preacher,Microgrid Punkin Center,Microgrid Aligned,Microgrid City of Phx,Microgrid MCASY,Microgrid TSMC,Novo BioPower,Ocotillo CT 1,Ocotillo CT 2,Ocotillo CT 3,Ocotillo CT 4,Ocotillo CT 5,Ocotillo CT 6,Ocotillo CT 7,Perrin Ranch,Ajo Solar,Bagdad Solar,Prescott Solar,PVS TBD Planned 2029 Solar,Redhawk 1 A,Redhawk 1 B,Redhawk 1 DB,Redhawk 2 A,Redhawk 2 B,Redhawk 2 DB,Redhawk  CT1,Redhawk  CT2,Redhawk  CT3,Redhawk  CT4,Redhawk  CT5,Redhawk  CT6,Redhawk  CT7,Redhawk  CT8,Redhawk Generating Station (ProEnergy Services) BTA,Saddle Mountain Solar,Saguaro CT 1,Saguaro CT 2,Saguaro CT 3,Short-Term Purch,Solana,South Point A,South Point B,South Point DB,Sundance CT 1,Sundance CT 10,Sundance CT 2,Sundance CT 3,Sundance CT 4,Sundance CT 5,Sundance CT 6,Sundance CT 7,Sundance CT 8,Sundance CT 9,Sundance CT11,Sundance CT12,West Phoenix CC1,West Phoenix CC2,West Phoenix CC3,West Phoenix CC4,West Phoenix CC5 A,West Phoenix CC5 B,West Phoenix CC5 DB,West Phoenix CT 1,West Phoenix CT 2,WM Landfill,Yucca CT 1,Yucca CT 2,Yucca CT 3,Yucca CT 4,Yucca CT 5,Yucca CT 6
2026,-35.15,38.86,3.59,3.59,3.59,0,0,86.07,9.6,9.6,0,0,1.49,4.99,4.99,3.18,3.18,3.18,3.18,3.18,3.18,3.18,3.18,3.18,3.18,3.18,3.18,95.41,3.39,3.39,3.39,45.61,-35.15,10.77,10.77,10.77,10.77,10.77,10.77,10.77,10.77,10.77,104.2,1.35,1.35,1.76,1.76,1.76,1.76,1.76,84.25,194.24,218.52,157.69,0,1.32,1.32,1.32,1.32,1.32,1.32,4.13,4.13,4.13,4.13,4.13,4.13,4.13,4.13,4.13,115.96,1.35,1.35,1.52,2.51,156.34,2.04,2.04,2.04,3.03,3.03,3.03,3.03,3.03,3.03,3.03,3.03,3.03,3.03,3.03,3.03,0.75,0.75,0.75,0.57,0.57,0.57,0.57,1.27,1.27,102.19,0.83,0.83,0.83,0.83,2.14,2.14
2027,-35.15,30.11,3.68,3.68,3.68,0,0,86.07,9.84,9.84,0,0,1.53,5.11,5.11,3.26,3.26,3.26,3.26,3.26,3.26,3.26,3.26,3.26,3.26,3.26,3.26,95.41,3.48,3.48,3.48,45.61,-35.15,11.04,11.04,11.04,11.04,11.04,11.04,11.04,11.04,11.04,104.2,1.38,1.38,1.8,1.8,1.8,1.8,1.8,84.25,201.04,226.17,162.42,0,1.35,1.35,1.35,1.35,1.35,1.35,4.13,4.13,4.13,4.13,4.13,4.13,4.13,4.13,4.13,115.96,1.38,1.38,1.56,2.57,159.22,2.08,2.08,2.08,3.11,3.11,3.11,3.11,3.11,3.11,3.11,3.11,3.11,3.11,3.11,3.11,0.77,0.77,0.77,0.58,0.58,0.58,0.58,1.3,1.3,104.24,0.85,0.85,0.85,0.85,2.19,2.19
2028,-35.15,30.71,3.77,3.77,3.77,0,0,86.07,10.09,10.09,0,0,1.57,5.24,5.24,3.34,3.34,3.34,3.34,3.34,3.34,3.34,3.34,3.34,3.34,3.34,3.34,95.41,3.58,3.58,3.58,45.61,-35.15,11.31,11.31,11.31,11.31,11.31,11.31,11.31,11.31,11.31,104.2,1.42,1.42,1.85,1.85,1.85,1.85,1.85,84.25,208.08,234.09,167.29,0,1.39,1.39,1.39,1.39,1.39,1.39,4.34,4.34,4.34,4.34,4.34,4.34,4.34,4.34,4.34,115.96,1.42,1.42,1.6,2.64,162.15,2.12,2.12,2.12,3.18,3.18,3.18,3.18,3.18,3.18,3.18,3.18,3.18,3.18,3.18,3.18,0.79,0.79,0.79,0.6,0.6,0.6,0.6,1.33,1.33,106.32,0.87,0.87,0.87,0.87,2.25,2.25
2029,-35.15,31.32,3.87,3.87,3.87,0,0,86.07,10.34,10.34,0,0,1.6,5.37,5.37,3.43,3.43,3.43,3.43,3.43,3.43,3.43,3.43,3.43,3.43,3.43,3.43,95.41,3.69,3.69,3.69,44.06,-35.15,11.6,11.6,11.6,11.6,11.6,11.6,11.6,11.6,11.6,104.2,1.45,1.45,1.9,1.9,1.9,1.9,1.9,84.25,215.36,242.28,172.31,-35.15,1.42,1.42,1.42,1.42,1.42,1.42,4.45,4.45,4.45,4.45,4.45,4.45,4.45,4.45,4.45,115.96,1.45,1.45,1.64,2.7,165.13,2.16,2.16,2.16,3.26,3.26,3.26,3.26,3.26,3.26,3.26,3.26,3.26,3.26,3.26,3.26,0.81,0.81,0.81,0.61,0.61,0.61,0.61,1.37,1.37,108.45,0.89,0.89,0.89,0.89,2.3,2.3
2030,-35.15,31.95,3.96,3.96,3.96,0,0,86.07,10.6,10.6,0,0,1.64,5.51,5.51,3.51,3.51,3.51,3.51,3.51,3.51,3.51,3.51,3.51,3.51,3.51,3.51,95.41,3.8,3.8,3.8,44.06,-35.15,11.89,11.89,11.89,11.89,11.89,11.89,11.89,11.89,11.89,104.2,1.49,1.49,1.94,1.94,1.94,1.94,1.94,84.25,222.9,250.76,177.48,-35.15,1.46,1.46,1.46,1.46,1.46,1.46,4.79,4.79,4.79,4.79,4.79,4.79,4.79,4.79,4.79,115.96,1.49,1.49,1.68,2.77,168.17,2.21,2.21,2.21,3.34,3.34,3.34,3.34,3.34,3.34,3.34,3.34,3.34,3.34,3.34,3.34,0.83,0.83,0.83,0.63,0.63,0.63,0.63,1.4,1.4,110.62,0.92,0.92,0.92,0.92,2.36,2.36
2031,-35.15,32.59,4.06,4.06,4.06,5.92,5.92,86.07,10.86,10.86,19.62,19.62,1.69,5.65,5.65,3.6,3.6,3.6,3.6,3.6,3.6,3.6,3.6,3.6,3.6,3.6,3.6,95.41,3.92,3.92,3.92,44.06,-35.15,12.18,12.18,12.18,12.18,12.18,12.18,12.18,12.18,12.18,104.2,1.53,1.53,1.99,1.99,1.99,1.99,1.99,84.25,230.7,259.54,182.8,-35.15,1.49,1.49,1.49,1.49,1.49,1.49,5.03,5.03,5.03,5.03,5.03,5.03,5.03,5.03,5.03,115.96,1.53,1.53,1.72,2.84,171.27,2.25,2.25,2.25,3.43,3.43,3.43,3.43,3.43,3.43,3.43,3.43,3.43,3.43,3.43,3.43,0.85,0.85,0.85,0.64,0.64,0.64,0.64,1.44,1.44,112.83,0.94,0.94,0.94,0.94,2.42,2.42
2032,-35.15,33.24,4.16,4.16,4.16,5.92,5.92,86.07,11.13,11.13,20.11,20.11,1.73,5.79,5.79,3.69,3.69,3.69,3.69,3.69,3.69,3.69,3.69,3.69,3.69,3.69,3.69,95.41,4.03,4.03,4.03,44.06,-35.15,12.49,12.49,12.49,12.49,12.49,12.49,12.49,12.49,12.49,104.2,1.57,1.57,2.04,2.04,2.04,2.04,2.04,84.25,238.77,268.62,188.29,-35.15,1.53,1.53,1.53,1.53,1.53,1.53,5.29,5.29,5.29,5.29,5.29,5.29,5.29,5.29,5.29,115.96,1.57,1.57,1.76,2.91,174.42,2.3,2.3,2.3,3.51,3.51,3.51,3.51,3.51,3.51,3.51,3.51,3.51,3.51,3.51,3.51,0.87,0.87,0.87,0.66,0.66,0.66,0.66,1.47,1.47,115.09,0.96,0.96,0.96,0.96,2.48,2.48
2033,0,33.9,4.27,4.27,4.27,3.62,3.62,86.07,11.41,11.41,1.37,1.37,1.77,5.93,5.93,3.78,3.78,3.78,3.78,3.78,3.78,3.78,3.78,3.78,3.78,3.78,3.78,95.41,4.16,4.16,4.16,44.06,-35.15,12.8,12.8,12.8,12.8,12.8,12.8,12.8,12.8,12.8,104.2,1.6,1.6,2.09,2.09,2.09,2.09,2.09,84.25,247.13,278.02,193.94,-35.15,1.57,1.57,1.57,1.57,1.57,1.57,5.55,5.55,5.55,5.55,5.55,5.55,5.55,5.55,5.55,115.96,1.6,1.6,1.81,2.98,177.63,2.34,2.34,2.34,3.6,3.6,3.6,3.6,3.6,3.6,3.6,3.6,3.6,3.6,3.6,3.6,0.89,0.89,0.89,0.68,0.68,0.68,0.68,1.51,1.51,0,0.99,0.99,0.99,0.99,2.54,2.54
2034,0,34.58,4.37,4.37,4.37,3.68,3.68,86.07,11.7,11.7,1.4,1.4,1.82,6.08,6.08,3.88,3.88,3.88,3.88,3.88,3.88,3.88,3.88,3.88,3.88,3.88,3.88,95.41,4.28,4.28,4.28,44.06,-35.15,13.12,13.12,13.12,13.12,13.12,13.12,13.12,13.12,13.12,0,1.64,1.64,2.14,2.14,2.14,2.14,2.14,84.25,255.78,287.75,199.75,-35.15,1.61,1.61,1.61,1.61,1.61,1.61,5.84,5.84,5.84,5.84,5.84,5.84,5.84,5.84,5.84,115.96,1.64,1.64,1.85,3.06,180.89,2.39,2.39,2.39,3.69,3.69,3.69,3.69,3.69,3.69,3.69,3.69,3.69,3.69,3.69,3.69,0.91,0.91,0.91,0.69,0.69,0.69,0.69,1.55,1.55,0,1.01,1.01,1.01,1.01,2.61,2.61
2035,0,35.27,4.48,4.48,4.48,3.74,3.74,86.07,11.99,11.99,1.44,1.44,1.86,6.23,6.23,3.98,3.98,3.98,3.98,3.98,3.98,3.98,3.98,3.98,3.98,3.98,3.98,95.41,4.41,4.41,4.41,44.06,-35.15,13.45,13.45,13.45,13.45,13.45,13.45,13.45,13.45,13.45,0,1.69,1.69,2.2,2.2,2.2,2.2,2.2,84.25,264.73,297.83,205.75,-35.15,1.65,1.65,1.65,1.65,1.65,1.65,6.44,6.44,6.44,6.44,6.44,6.44,6.44,6.44,6.44,115.96,1.69,1.69,1.9,3.13,184.22,2.44,2.44,2.44,3.78,3.78,3.78,3.78,3.78,3.78,3.78,3.78,3.78,3.78,3.78,3.78,0.94,0.94,0.94,0.71,0.71,0.71,0.71,1.59,1.59,0,1.04,1.04,1.04,1.04,2.67,2.67
2036,0,35.98,4.6,4.6,4.6,3.82,3.82,86.07,12.29,12.29,1.47,1.47,1.91,6.39,6.39,4.08,4.08,4.08,4.08,4.08,4.08,4.08,4.08,4.08,4.08,4.08,4.08,95.41,4.54,4.54,4.54,44.06,0,13.79,13.79,13.79,13.79,13.79,13.79,13.79,13.79,13.79,0,1.73,1.73,2.25,2.25,2.25,2.25,2.25,84.25,274,308.25,211.92,-35.15,1.69,1.69,1.69,1.69,1.69,1.69,6.77,6.77,6.77,6.77,6.77,6.77,6.77,6.77,6.77,115.96,1.73,1.73,1.95,3.21,187.61,2.49,2.49,2.49,3.88,3.88,3.88,3.88,3.88,3.88,3.88,3.88,3.88,3.88,3.88,3.88,0.96,0.96,0.96,0.73,0.73,0.73,0.73,1.63,1.63,0,1.06,1.06,1.06,1.06,2.74,2.74
2037,0,36.7,4.71,4.71,4.71,3.88,3.88,86.07,12.6,12.6,1.51,1.51,1.96,6.55,6.55,4.18,4.18,4.18,4.18,4.18,4.18,4.18,4.18,4.18,4.18,4.18,4.18,95.41,4.68,4.68,4.68,44.06,0,14.13,14.13,14.13,14.13,14.13,14.13,14.13,14.13,14.13,0,1.77,1.77,2.31,2.31,2.31,2.31,2.31,0,0,0,218.28,-35.15,1.73,1.73,1.73,1.73,1.73,1.73,7.11,7.11,7.11,7.11,7.11,7.11,7.11,7.11,7.11,115.96,1.77,1.77,1.99,3.29,191.06,2.54,2.54,2.54,3.98,3.98,3.98,3.98,3.98,3.98,3.98,3.98,3.98,3.98,3.98,3.98,0.98,0.98,0.98,0.75,0.75,0.75,0.75,1.67,1.67,0,1.09,1.09,1.09,1.09,2.81,2.81
2038,0,37.43,4.83,4.83,4.83,3.95,3.95,86.07,12.91,12.91,1.55,1.55,2,6.71,6.71,4.28,4.28,4.28,4.28,4.28,4.28,4.28,4.28,4.28,4.28,4.28,4.28,95.41,4.82,4.82,4.82,44.06,0,14.48,14.48,14.48,14.48,14.48,14.48,14.48,14.48,14.48,0,1.82,1.82,2.37,2.37,2.37,2.37,2.37,0,0,0,224.82,-35.15,1.78,1.78,1.78,1.78,1.78,1.78,7.47,7.47,7.47,7.47,7.47,7.47,7.47,7.47,7.47,115.96,1.82,1.82,2.04,3.38,194.58,2.59,2.59,2.59,4.08,4.08,4.08,4.08,4.08,4.08,4.08,4.08,4.08,4.08,4.08,4.08,1.01,1.01,1.01,0.77,0.77,0.77,0.77,1.71,1.71,0,1.12,1.12,1.12,1.12,2.88,2.88
2039,0,38.18,4.95,4.95,4.95,4.01,4.01,86.07,13.23,13.23,1.59,1.59,2.05,6.88,6.88,4.39,4.39,4.39,4.39,4.39,4.39,4.39,4.39,4.39,4.39,4.39,4.39,95.41,4.96,4.96,4.96,44.06,0,14.85,14.85,14.85,14.85,14.85,14.85,14.85,14.85,14.85,0,1.86,1.86,2.43,2.43,2.43,2.43,2.43,0,0,0,231.57,0,1.82,1.82,1.82,1.82,1.82,1.82,7.85,7.85,7.85,7.85,7.85,7.85,7.85,7.85,7.85,115.96,1.86,1.86,2.1,3.46,198.16,2.64,2.64,2.64,4.18,4.18,4.18,4.18,4.18,4.18,4.18,4.18,4.18,4.18,4.18,4.18,1.03,1.03,1.03,0.79,0.79,0.79,0.79,1.75,1.75,0,1.14,1.14,1.14,1.14,2.95,2.95
2040,0,38.94,5.07,5.07,5.07,4.08,4.08,86.07,13.56,13.56,1.63,1.63,2.11,7.05,7.05,4.5,4.5,4.5,4.5,4.5,4.5,4.5,4.5,4.5,4.5,4.5,4.5,95.41,5.11,5.11,5.11,0,0,15.22,15.22,15.22,15.22,15.22,15.22,15.22,15.22,15.22,0,1.91,1.91,2.49,2.49,2.49,2.49,2.49,0,0,0,238.52,0,1.87,1.87,1.87,1.87,1.87,1.87,8.25,8.25,8.25,8.25,8.25,8.25,8.25,8.25,8.25,115.96,1.91,1.91,2.15,3.55,201.81,2.69,2.69,2.69,4.28,4.28,4.28,4.28,4.28,4.28,4.28,4.28,4.28,4.28,4.28,4.28,1.06,1.06,1.06,0.81,0.81,0.81,0.81,1.79,1.79,0,1.17,1.17,1.17,1.17,3.02,3.02
2041,0,39.72,5.2,5.2,5.2,4.15,4.15,86.07,13.9,13.9,1.67,1.67,2.16,7.23,7.23,4.61,4.61,4.61,4.61,4.61,4.61,4.61,4.61,4.61,4.61,4.61,4.61,95.41,5.26,5.26,5.26,0,0,15.6,15.6,15.6,15.6,15.6,15.6,15.6,15.6,15.6,0,1.96,1.96,2.55,2.55,2.55,2.55,2.55,0,0,0,245.67,0,1.91,1.91,1.91,1.91,1.91,1.91,8.45,8.45,8.45,8.45,8.45,8.45,8.45,8.45,8.45,115.96,1.96,1.96,2.2,3.64,205.52,2.75,2.75,2.75,4.39,4.39,4.39,4.39,4.39,4.39,4.39,4.39,4.39,4.39,4.39,4.39,1.09,1.09,1.09,0.83,0.83,0.83,0.83,1.84,1.84,0,1.2,1.2,1.2,1.2,3.1,3.1
2042,0,40.52,5.33,5.33,5.33,4.23,4.23,86.07,14.25,14.25,1.71,1.71,2.21,7.41,7.41,4.73,4.73,4.73,4.73,4.73,4.73,4.73,4.73,4.73,4.73,4.73,4.73,95.41,5.42,5.42,5.42,0,0,15.99,15.99,15.99,15.99,15.99,15.99,15.99,15.99,15.99,0,2,2,2.61,2.61,2.61,2.61,2.61,0,0,0,0,0,1.96,1.96,1.96,1.96,1.96,1.96,8.66,8.66,8.66,8.66,8.66,8.66,8.66,8.66,8.66,115.96,2,2,2.26,3.73,209.3,2.8,2.8,2.8,4.5,4.5,4.5,4.5,4.5,4.5,4.5,4.5,4.5,4.5,4.5,4.5,1.11,1.11,1.11,0.85,0.85,0.85,0.85,1.89,1.89,0,1.23,1.23,1.23,1.23,3.18,3.18
2043,0,0,5.46,5.46,5.46,4.3,4.3,86.07,14.61,14.61,1.75,1.75,2.27,7.59,7.59,4.84,4.84,4.84,4.84,4.84,4.84,4.84,4.84,4.84,4.84,4.84,4.84,95.41,5.58,5.58,5.58,0,0,15.99,15.99,15.99,15.99,15.99,15.99,15.99,15.99,15.99,0,2.05,2.05,2.68,2.68,2.68,2.68,2.68,0,0,0,0,0,2.01,2.01,2.01,2.01,2.01,2.01,8.88,8.88,8.88,8.88,8.88,8.88,8.88,8.88,8.88,0,2.05,2.05,2.31,3.82,213.15,2.86,2.86,2.86,4.61,4.61,4.61,4.61,4.61,4.61,4.61,4.61,4.61,4.61,4.61,4.61,1.14,1.14,1.14,0.87,0.87,0.87,0.87,1.93,1.93,0,1.26,1.26,1.26,1.26,3.26,3.26
2044,0,0,5.6,5.6,5.6,4.37,4.37,0,14.97,14.97,1.8,1.8,2.32,7.78,7.78,4.97,4.97,4.97,4.97,4.97,4.97,4.97,4.97,4.97,4.97,4.97,4.97,0,5.75,5.75,5.75,0,0,16.39,16.39,16.39,16.39,16.39,16.39,16.39,16.39,16.39,0,2.11,2.11,2.74,2.74,2.74,2.74,2.74,0,0,0,0,0,2.06,2.06,2.06,2.06,2.06,2.06,9.1,9.1,9.1,9.1,9.1,9.1,9.1,9.1,9.1,0,2.11,2.11,2.37,3.92,0,2.91,2.91,2.91,4.73,4.73,4.73,4.73,4.73,4.73,4.73,4.73,4.73,4.73,4.73,4.73,1.17,1.17,1.17,0.89,0.89,0.89,0.89,1.98,1.98,0,1.29,1.29,1.29,1.29,3.34,3.34
2045,0,0,5.74,5.74,5.74,4.45,4.45,0,15.35,15.35,1.84,1.84,2.38,7.98,7.98,5.09,5.09,5.09,5.09,5.09,5.09,5.09,5.09,5.09,5.09,5.09,5.09,0,5.92,5.92,5.92,0,0,16.8,16.8,16.8,16.8,16.8,16.8,16.8,16.8,16.8,0,2.16,2.16,2.81,2.81,2.81,2.81,2.81,0,0,0,0,0,2.11,2.11,2.11,2.11,2.11,2.11,9.33,9.33,9.33,9.33,9.33,9.33,9.33,9.33,9.33,0,2.16,2.16,2.43,4.01,0,2.97,2.97,2.97,4.84,4.84,4.84,4.84,4.84,4.84,4.84,4.84,4.84,4.84,4.84,4.84,1.2,1.2,1.2,0.91,0.91,0.91,0.91,2.03,2.03,0,1.33,1.33,1.33,1.33,3.42,3.42
2046,0,0,5.88,5.88,5.88,4.52,4.52,0,15.73,15.73,1.89,1.89,2.44,8.18,8.18,3.11,3.11,3.11,3.11,3.11,3.11,3.11,3.11,3.11,3.11,3.11,3.11,0,6.1,6.1,6.1,0,0,0,0,0,0,0,0,0,0,0,0,2.21,2.21,2.88,2.88,2.88,2.88,2.88,0,0,0,0,0,2.16,2.16,2.16,2.16,2.16,2.16,0,0,0,0,0,0,0,0,0,0,2.21,2.21,2.49,4.11,0,3.03,3.03,3.03,4.97,4.97,4.97,4.97,4.97,4.97,4.97,4.97,4.97,4.97,4.97,4.97,1.23,1.23,1.23,0.93,0.93,0.93,0.93,2.08,2.08,0,1.36,1.36,1.36,1.36,3.51,3.51
2047,0,0,6.03,6.03,6.03,4.59,4.59,0,16.12,16.12,1.93,1.93,2.5,8.38,8.38,3.11,3.11,3.11,3.11,3.11,3.11,3.11,3.11,3.11,3.11,3.11,3.11,0,6.28,6.28,6.28,0,0,0,0,0,0,0,0,0,0,0,0,2.27,2.27,2.96,2.96,2.96,2.96,2.96,0,0,0,0,0,2.22,2.22,2.22,2.22,2.22,2.22,0,0,0,0,0,0,0,0,0,0,2.27,2.27,2.55,4.22,0,3.09,3.09,3.09,5.09,5.09,5.09,5.09,5.09,5.09,5.09,5.09,5.09,5.09,5.09,5.09,1.26,1.26,1.26,0.96,0.96,0.96,0.96,2.13,2.13,0,1.39,1.39,1.39,1.39,3.59,3.59
2048,0,0,6.18,6.18,6.18,4.67,4.67,0,16.53,16.53,1.98,1.98,2.57,8.59,8.59,3.11,3.11,3.11,3.11,3.11,3.11,3.11,3.11,3.11,3.11,3.11,3.11,0,6.47,6.47,6.47,0,0,0,0,0,0,0,0,0,0,0,0,2.32,2.32,3.03,3.03,3.03,3.03,3.03,0,0,0,0,0,2.27,2.27,2.27,2.27,2.27,2.27,0,0,0,0,0,0,0,0,0,0,2.32,2.32,2.62,4.32,0,3.15,3.15,3.15,5.22,5.22,5.22,5.22,5.22,5.22,5.22,5.22,5.22,5.22,5.22,5.22,1.29,1.29,1.29,0.98,0.98,0.98,0.98,2.19,2.19,0,1.43,1.43,1.43,1.43,3.68,3.68
2049,0,0,6.33,6.33,6.33,4.76,4.76,0,16.94,16.94,2.03,2.03,2.63,8.81,8.81,3.11,3.11,3.11,3.11,3.11,3.11,3.11,3.11,3.11,3.11,3.11,3.11,0,6.67,6.67,6.67,0,0,0,0,0,0,0,0,0,0,0,0,2.38,2.38,3.11,3.11,3.11,3.11,3.11,0,0,0,0,0,2.33,2.33,2.33,2.33,2.33,2.33,0,0,0,0,0,0,0,0,0,0,2.38,2.38,2.68,4.43,0,3.22,3.22,3.22,5.35,5.35,5.35,5.35,5.35,5.35,5.35,5.35,5.35,5.35,5.35,5.35,1.32,1.32,1.32,1.01,1.01,1.01,1.01,2.24,2.24,0,1.46,1.46,1.46,1.46,3.78,3.78
2050,0,0,6.49,6.49,6.49,4.83,4.83,0,17.36,17.36,2.08,2.08,2.7,9.03,9.03,3.11,3.11,3.11,3.11,3.11,3.11,3.11,3.11,3.11,3.11,3.11,3.11,0,6.87,6.87,6.87,0,0,0,0,0,0,0,0,0,0,0,0,2.44,2.44,3.18,3.18,3.18,3.18,3.18,0,0,0,0,0,2.39,2.39,2.39,2.39,2.39,2.39,0,0,0,0,0,0,0,0,0,0,2.44,2.44,2.75,4.54,0,3.28,3.28,3.28,5.48,5.48,5.48,5.48,5.48,5.48,5.48,5.48,5.48,5.48,5.48,5.48,1.36,1.36,1.36,1.03,1.03,1.03,1.03,2.3,2.3,0,1.5,1.5,1.5,1.5,3.87,3.87
2051,0,0,6.66,6.66,6.66,4.91,4.91,0,17.8,17.8,2.13,2.13,2.76,9.25,9.25,3.11,3.11,3.11,3.11,3.11,3.11,3.11,3.11,3.11,3.11,3.11,3.11,0,7.07,7.07,7.07,0,0,0,0,0,0,0,0,0,0,0,0,2.5,2.5,3.26,3.26,3.26,3.26,3.26,0,0,0,0,0,2.45,2.45,2.45,2.45,2.45,2.45,0,0,0,0,0,0,0,0,0,0,2.5,2.5,2.82,4.65,0,3.35,3.35,3.35,5.62,5.62,5.62,5.62,5.62,5.62,5.62,5.62,5.62,5.62,5.62,5.62,1.39,1.39,1.39,1.06,1.06,1.06,1.06,2.35,2.35,0,1.54,1.54,1.54,1.54,3.97,3.97
2052,0,0,6.06,6.06,6.06,5,5,0,7.91,7.22,2.19,2.19,2.83,9.48,9.48,3.11,3.11,3.11,3.11,3.11,3.11,3.11,3.11,3.11,3.11,3.11,3.11,0,7.29,7.29,7.29,0,0,0,0,0,0,0,0,0,0,0,0,2.57,2.57,3.34,3.34,3.34,3.34,3.34,0,0,0,0,0,2.51,2.51,2.51,2.51,2.51,2.51,0,0,0,0,0,0,0,0,0,0,2.57,2.57,2.89,4.77,0,3.41,3.41,3.41,5.76,5.76,5.76,5.76,5.76,5.76,5.76,5.76,5.76,5.76,5.76,5.76,1.43,1.43,1.43,1.08,1.08,1.08,1.08,2.41,2.41,0,1.58,1.58,1.58,1.58,4.07,4.07
2053,0,0,6.21,6.21,6.21,5.08,5.08,0,8.1,7.4,2.24,2.24,2.9,9.72,9.72,3.11,3.11,3.11,3.11,3.11,3.11,3.11,3.11,3.11,3.11,3.11,3.11,0,7.5,7.5,7.5,0,0,0,0,0,0,0,0,0,0,0,0,2.63,2.63,3.43,3.43,3.43,3.43,3.43,0,0,0,0,0,2.57,2.57,2.57,2.57,2.57,2.57,0,0,0,0,0,0,0,0,0,0,2.63,2.63,2.96,4.89,0,3.48,3.48,3.48,5.9,5.9,5.9,5.9,5.9,5.9,5.9,5.9,5.9,5.9,5.9,5.9,1.46,1.46,1.46,1.11,1.11,1.11,1.11,2.47,2.47,0,1.62,1.62,1.62,1.62,4.17,4.17
